ID,X,Y,R,G,B
1,0,0,92,106,79
2,1,0,87,108,79
3,2,0,76,108,78
4,3,0,70,105,72
5,4,0,75,107,73
6,5,0,72,103,71
7,6,0,75,103,69
8,7,0,80,108,72
9,8,0,79,106,71
10,9,0,76,107,74
11,10,0,73,104,71
12,11,0,79,107,72
13,12,0,78,104,70
14,13,0,75,104,69
15,14,0,77,105,69
16,15,0,77,106,68
17,16,0,78,109,73
18,17,0,78,110,76
19,18,0,75,107,72
20,19,0,75,104,69
21,20,0,78,103,63
22,21,0,74,105,65
23,22,0,69,99,60
24,23,0,70,101,62
25,24,0,72,104,65
26,25,0,69,100,63
27,26,0,67,97,61
28,27,0,70,101,68
29,28,0,71,104,73
30,29,0,71,102,68
31,30,0,77,107,68
32,31,0,77,107,68
33,32,0,77,105,58
34,33,0,85,110,66
35,34,0,82,106,69
36,35,0,73,105,69
37,36,0,72,103,65
38,37,0,75,104,66
39,38,0,79,106,68
40,39,0,92,115,81
41,40,0,88,113,65
42,41,0,94,116,68
43,42,0,94,116,71
44,43,0,89,112,67
45,44,0,94,118,78
46,45,0,91,113,66
47,46,0,87,110,64
48,47,0,89,112,69
49,48,0,91,112,68
50,49,0,89,115,76
51,50,0,87,113,77
52,51,0,85,112,70
53,52,0,81,107,65
54,53,0,79,103,61
55,54,0,81,105,63
56,55,0,80,105,60
57,56,0,81,107,60
58,57,0,77,107,62
59,58,0,76,104,63
60,59,0,72,103,62
61,60,0,73,101,59
62,61,0,77,105,59
63,62,0,82,106,60
64,63,0,81,106,60
65,64,0,79,102,52
66,65,0,76,100,56
67,66,0,76,100,55
68,67,0,76,99,51
69,68,0,75,99,46
70,69,0,74,99,50
71,70,0,70,97,55
72,71,0,70,95,51
73,72,0,72,95,49
74,73,0,67,93,51
75,74,0,64,94,55
76,75,0,65,97,59
77,76,0,65,99,59
78,77,0,63,96,58
79,78,0,62,96,58
80,79,0,62,98,62
81,80,0,62,102,68
82,81,0,61,101,68
83,82,0,60,100,68
84,83,0,61,99,68
85,84,0,59,99,66
86,85,0,64,103,63
87,86,0,63,103,67
88,87,0,60,102,68
89,88,0,59,98,61
90,89,0,64,100,63
91,90,0,67,106,72
92,91,0,64,101,70
93,92,0,64,98,69
94,93,0,64,94,67
95,94,0,66,94,61
96,95,0,64,93,60
97,96,0,63,93,60
98,97,0,69,98,64
99,98,0,76,98,63
100,99,0,77,90,67
101,0,1,101,120,88
102,1,1,100,117,82
103,2,1,101,120,81
104,3,1,97,120,81
105,4,1,98,118,78
106,5,1,97,116,75
107,6,1,99,116,70
108,7,1,99,117,70
109,8,1,99,116,71
110,9,1,99,121,81
111,10,1,95,124,86
112,11,1,96,124,84
113,12,1,101,117,78
114,13,1,97,116,74
115,14,1,98,119,77
116,15,1,97,115,70
117,16,1,94,116,73
118,17,1,94,118,76
119,18,1,100,120,76
120,19,1,99,121,74
121,20,1,102,123,77
122,21,1,101,124,78
123,22,1,99,121,74
124,23,1,99,118,69
125,24,1,96,117,71
126,25,1,92,116,72
127,26,1,90,114,70
128,27,1,92,114,67
129,28,1,92,114,70
130,29,1,90,111,68
131,30,1,96,118,73
132,31,1,100,120,72
133,32,1,94,116,69
134,33,1,92,115,73
135,34,1,88,113,73
136,35,1,93,116,75
137,36,1,93,115,73
138,37,1,91,113,71
139,38,1,93,112,68
140,39,1,101,116,76
141,40,1,100,117,73
142,41,1,98,118,74
143,42,1,96,119,77
144,43,1,95,117,77
145,44,1,95,119,78
146,45,1,92,116,76
147,46,1,91,117,79
148,47,1,96,121,80
149,48,1,97,123,81
150,49,1,98,122,79
151,50,1,98,121,80
152,51,1,95,120,84
153,52,1,93,118,79
154,53,1,90,115,77
155,54,1,83,112,81
156,55,1,87,117,81
157,56,1,96,121,79
158,57,1,100,123,75
159,58,1,98,119,67
160,59,1,94,117,69
161,60,1,89,116,69
162,61,1,92,117,66
163,62,1,93,117,68
164,63,1,89,115,69
165,64,1,87,114,67
166,65,1,86,112,66
167,66,1,87,111,64
168,67,1,90,113,65
169,68,1,89,111,61
170,69,1,89,112,66
171,70,1,90,112,65
172,71,1,88,110,64
173,72,1,84,108,67
174,73,1,84,108,65
175,74,1,84,108,64
176,75,1,85,109,64
177,76,1,85,108,64
178,77,1,84,108,64
179,78,1,82,107,66
180,79,1,81,109,70
181,80,1,84,113,73
182,81,1,86,114,73
183,82,1,81,110,70
184,83,1,87,113,70
185,84,1,84,114,73
186,85,1,83,115,77
187,86,1,82,117,86
188,87,1,79,115,85
189,88,1,79,114,81
190,89,1,82,115,80
191,90,1,85,118,86
192,91,1,86,118,86
193,92,1,85,117,85
194,93,1,83,113,86
195,94,1,83,114,84
196,95,1,81,117,88
197,96,1,85,117,85
198,97,1,91,121,84
199,98,1,93,119,78
200,99,1,89,106,75
201,0,2,116,129,92
202,1,2,110,123,85
203,2,2,107,125,84
204,3,2,110,125,87
205,4,2,108,120,75
206,5,2,111,123,77
207,6,2,106,119,73
208,7,2,107,119,68
209,8,2,105,119,69
210,9,2,107,121,72
211,10,2,108,126,80
212,11,2,106,125,77
213,12,2,105,121,75
214,13,2,103,116,65
215,14,2,103,117,66
216,15,2,103,116,64
217,16,2,103,119,71
218,17,2,106,122,73
219,18,2,110,123,73
220,19,2,106,122,76
221,20,2,108,126,79
222,21,2,107,127,81
223,22,2,103,122,80
224,23,2,103,118,73
225,24,2,104,119,70
226,25,2,104,122,72
227,26,2,103,119,69
228,27,2,101,115,65
229,28,2,102,116,68
230,29,2,101,117,67
231,30,2,101,118,69
232,31,2,102,119,72
233,32,2,100,118,73
234,33,2,100,119,73
235,34,2,103,121,76
236,35,2,101,121,76
237,36,2,104,123,78
238,37,2,106,122,77
239,38,2,107,116,64
240,39,2,111,117,72
241,40,2,107,116,69
242,41,2,106,118,70
243,42,2,107,122,74
244,43,2,107,121,71
245,44,2,103,117,70
246,45,2,103,119,76
247,46,2,99,119,77
248,47,2,101,120,77
249,48,2,104,124,77
250,49,2,110,126,77
251,50,2,110,126,81
252,51,2,106,124,82
253,52,2,105,125,82
254,53,2,103,124,77
255,54,2,99,121,79
256,55,2,99,121,81
257,56,2,102,122,76
258,57,2,103,122,71
259,58,2,104,121,67
260,59,2,103,118,67
261,60,2,103,119,67
262,61,2,105,122,71
263,62,2,101,119,72
264,63,2,100,118,69
265,64,2,103,119,64
266,65,2,103,121,68
267,66,2,100,118,70
268,67,2,99,117,70
269,68,2,98,113,67
270,69,2,99,113,66
271,70,2,97,112,64
272,71,2,97,113,66
273,72,2,97,117,72
274,73,2,97,118,73
275,74,2,99,118,71
276,75,2,101,120,74
277,76,2,100,119,73
278,77,2,99,116,70
279,78,2,101,119,73
280,79,2,100,118,72
281,80,2,101,120,73
282,81,2,97,116,71
283,82,2,94,116,75
284,83,2,99,119,77
285,84,2,104,119,74
286,85,2,105,120,77
287,86,2,102,119,77
288,87,2,103,122,82
289,88,2,103,122,75
290,89,2,104,122,77
291,90,2,103,123,81
292,91,2,106,127,88
293,92,2,106,126,86
294,93,2,106,125,82
295,94,2,106,128,89
296,95,2,106,129,89
297,96,2,106,132,98
298,97,2,111,130,88
299,98,2,109,127,81
300,99,2,94,106,68
301,0,3,113,127,85
302,1,3,113,127,82
303,2,3,116,127,77
304,3,3,115,126,75
305,4,3,114,122,69
306,5,3,114,125,74
307,6,3,107,119,71
308,7,3,108,120,68
309,8,3,109,118,64
310,9,3,111,122,71
311,10,3,107,119,69
312,11,3,106,120,70
313,12,3,108,122,70
314,13,3,107,119,68
315,14,3,106,120,71
316,15,3,107,122,74
317,16,3,108,122,73
318,17,3,112,125,75
319,18,3,113,125,77
320,19,3,111,124,77
321,20,3,107,118,71
322,21,3,105,118,71
323,22,3,105,119,75
324,23,3,106,119,74
325,24,3,108,121,71
326,25,3,106,120,71
327,26,3,101,115,68
328,27,3,101,115,67
329,28,3,102,117,69
330,29,3,104,118,69
331,30,3,104,118,66
332,31,3,104,117,66
333,32,3,105,117,66
334,33,3,104,117,65
335,34,3,108,122,71
336,35,3,108,121,72
337,36,3,105,121,73
338,37,3,108,122,70
339,38,3,113,121,66
340,39,3,115,120,72
341,40,3,109,116,66
342,41,3,111,120,65
343,42,3,110,118,59
344,43,3,110,120,65
345,44,3,108,120,68
346,45,3,107,121,72
347,46,3,105,121,73
348,47,3,106,122,74
349,48,3,108,125,76
350,49,3,108,124,75
351,50,3,109,123,75
352,51,3,106,123,74
353,52,3,103,121,76
354,53,3,104,122,77
355,54,3,105,123,79
356,55,3,104,123,78
357,56,3,105,124,78
358,57,3,107,123,76
359,58,3,108,123,72
360,59,3,109,122,70
361,60,3,109,124,74
362,61,3,109,125,76
363,62,3,110,122,72
364,63,3,104,122,74
365,64,3,108,123,69
366,65,3,109,123,70
367,66,3,105,119,67
368,67,3,104,116,66
369,68,3,102,117,70
370,69,3,103,117,68
371,70,3,102,116,69
372,71,3,105,118,69
373,72,3,107,122,70
374,73,3,108,120,68
375,74,3,108,121,68
376,75,3,109,123,69
377,76,3,107,121,70
378,77,3,105,119,67
379,78,3,106,121,73
380,79,3,107,121,73
381,80,3,103,118,72
382,81,3,101,116,71
383,82,3,100,116,69
384,83,3,102,117,71
385,84,3,105,124,81
386,85,3,107,126,86
387,86,3,108,123,76
388,87,3,110,123,71
389,88,3,112,122,70
390,89,3,112,125,74
391,90,3,111,126,78
392,91,3,113,128,80
393,92,3,112,127,77
394,93,3,112,125,74
395,94,3,111,125,77
396,95,3,111,130,88
397,96,3,111,128,87
398,97,3,113,125,79
399,98,3,110,123,79
400,99,3,97,110,73
401,0,4,113,127,83
402,1,4,120,132,81
403,2,4,121,129,76
404,3,4,117,126,70
405,4,4,115,127,78
406,5,4,114,129,82
407,6,4,112,126,75
408,7,4,114,126,71
409,8,4,114,125,67
410,9,4,116,127,72
411,10,4,113,123,69
412,11,4,114,123,69
413,12,4,113,122,70
414,13,4,111,120,71
415,14,4,108,118,70
416,15,4,109,120,72
417,16,4,111,123,72
418,17,4,110,123,71
419,18,4,112,124,74
420,19,4,112,124,72
421,20,4,109,119,67
422,21,4,110,120,69
423,22,4,111,122,72
424,23,4,110,120,71
425,24,4,106,115,65
426,25,4,105,116,68
427,26,4,102,115,68
428,27,4,107,117,68
429,28,4,107,116,66
430,29,4,106,118,66
431,30,4,110,120,65
432,31,4,109,119,65
433,32,4,109,120,68
434,33,4,108,119,68
435,34,4,109,121,71
436,35,4,109,122,72
437,36,4,108,122,71
438,37,4,110,124,72
439,38,4,115,125,72
440,39,4,114,120,69
441,40,4,112,119,66
442,41,4,117,125,66
443,42,4,118,124,65
444,43,4,116,125,68
445,44,4,113,124,73
446,45,4,110,124,76
447,46,4,110,124,77
448,47,4,109,123,73
449,48,4,110,124,72
450,49,4,111,128,79
451,50,4,111,127,77
452,51,4,110,126,75
453,52,4,111,126,74
454,53,4,110,126,77
455,54,4,109,125,78
456,55,4,110,125,78
457,56,4,109,124,77
458,57,4,111,123,73
459,58,4,110,122,73
460,59,4,112,125,76
461,60,4,111,127,80
462,61,4,112,129,80
463,62,4,113,130,81
464,63,4,110,129,80
465,64,4,112,128,78
466,65,4,116,130,78
467,66,4,113,124,73
468,67,4,112,123,74
469,68,4,112,125,75
470,69,4,112,125,75
471,70,4,110,124,78
472,71,4,111,122,72
473,72,4,112,123,70
474,73,4,113,123,70
475,74,4,112,123,70
476,75,4,112,123,70
477,76,4,113,124,71
478,77,4,115,123,71
479,78,4,114,124,71
480,79,4,113,122,70
481,80,4,111,123,75
482,81,4,109,122,76
483,82,4,109,124,79
484,83,4,110,126,85
485,84,4,113,132,88
486,85,4,113,131,89
487,86,4,114,129,84
488,87,4,115,128,78
489,88,4,117,129,78
490,89,4,117,130,81
491,90,4,116,131,82
492,91,4,117,133,84
493,92,4,116,133,84
494,93,4,118,131,80
495,94,4,120,131,82
496,95,4,120,132,82
497,96,4,118,128,78
498,97,4,117,124,74
499,98,4,112,121,75
500,99,4,101,112,78
501,0,5,115,122,74
502,1,5,122,129,77
503,2,5,125,133,81
504,3,5,122,133,83
505,4,5,117,131,84
506,5,5,117,131,85
507,6,5,116,126,77
508,7,5,119,131,80
509,8,5,119,133,84
510,9,5,120,134,81
511,10,5,116,130,78
512,11,5,115,127,76
513,12,5,114,126,76
514,13,5,113,125,76
515,14,5,113,128,77
516,15,5,117,130,78
517,16,5,116,130,77
518,17,5,116,126,74
519,18,5,114,127,75
520,19,5,115,127,74
521,20,5,117,127,76
522,21,5,117,129,80
523,22,5,114,129,82
524,23,5,112,125,78
525,24,5,110,120,72
526,25,5,112,121,73
527,26,5,110,120,71
528,27,5,110,120,68
529,28,5,112,119,67
530,29,5,112,122,69
531,30,5,112,123,72
532,31,5,111,122,71
533,32,5,110,124,74
534,33,5,111,126,78
535,34,5,113,126,74
536,35,5,116,127,73
537,36,5,117,128,74
538,37,5,117,128,77
539,38,5,114,123,72
540,39,5,115,122,72
541,40,5,114,121,68
542,41,5,114,125,71
543,42,5,119,127,73
544,43,5,120,130,73
545,44,5,119,130,80
546,45,5,118,130,83
547,46,5,117,130,79
548,47,5,116,130,80
549,48,5,119,133,81
550,49,5,117,132,82
551,50,5,114,129,83
552,51,5,116,129,82
553,52,5,115,129,83
554,53,5,113,124,80
555,54,5,111,121,75
556,55,5,114,124,77
557,56,5,114,124,77
558,57,5,114,123,76
559,58,5,113,124,76
560,59,5,115,127,77
561,60,5,116,128,77
562,61,5,114,129,79
563,62,5,112,129,81
564,63,5,113,129,80
565,64,5,117,132,82
566,65,5,116,129,79
567,66,5,119,129,79
568,67,5,120,131,79
569,68,5,117,126,76
570,69,5,116,126,77
571,70,5,114,126,81
572,71,5,114,123,77
573,72,5,116,123,73
574,73,5,117,125,74
575,74,5,117,128,78
576,75,5,117,128,79
577,76,5,118,129,81
578,77,5,118,127,78
579,78,5,117,127,75
580,79,5,116,127,80
581,80,5,114,125,80
582,81,5,112,127,85
583,82,5,115,131,85
584,83,5,118,135,88
585,84,5,122,138,92
586,85,5,123,137,92
587,86,5,121,134,88
588,87,5,118,131,86
589,88,5,115,130,87
590,89,5,116,130,84
591,90,5,118,131,84
592,91,5,119,132,85
593,92,5,121,135,90
594,93,5,122,136,87
595,94,5,124,135,84
596,95,5,127,138,89
597,96,5,125,137,85
598,97,5,123,132,82
599,98,5,118,128,79
600,99,5,101,112,80
601,0,6,118,124,73
602,1,6,122,129,78
603,2,6,126,136,87
604,3,6,123,135,86
605,4,6,120,132,81
606,5,6,118,130,83
607,6,6,118,133,87
608,7,6,120,134,83
609,8,6,121,134,84
610,9,6,119,132,79
611,10,6,119,130,76
612,11,6,119,132,80
613,12,6,122,135,82
614,13,6,119,134,84
615,14,6,118,136,87
616,15,6,118,137,91
617,16,6,119,136,88
618,17,6,127,139,88
619,18,6,126,137,84
620,19,6,122,132,77
621,20,6,119,129,75
622,21,6,119,130,75
623,22,6,116,127,78
624,23,6,117,127,74
625,24,6,116,126,75
626,25,6,116,128,80
627,26,6,118,128,78
628,27,6,117,125,73
629,28,6,117,125,73
630,29,6,117,127,77
631,30,6,115,127,77
632,31,6,114,126,78
633,32,6,113,127,80
634,33,6,114,129,80
635,34,6,117,128,73
636,35,6,120,131,73
637,36,6,125,135,80
638,37,6,122,133,81
639,38,6,119,126,73
640,39,6,121,125,74
641,40,6,118,124,69
642,41,6,118,127,74
643,42,6,119,127,78
644,43,6,125,132,77
645,44,6,125,133,80
646,45,6,124,134,83
647,46,6,125,135,83
648,47,6,125,137,87
649,48,6,124,136,90
650,49,6,124,138,91
651,50,6,128,140,90
652,51,6,130,141,91
653,52,6,123,135,88
654,53,6,120,129,83
655,54,6,121,129,82
656,55,6,120,129,81
657,56,6,117,126,78
658,57,6,114,125,78
659,58,6,116,126,81
660,59,6,116,127,79
661,60,6,115,129,81
662,61,6,116,130,81
663,62,6,115,130,83
664,63,6,118,135,89
665,64,6,121,139,94
666,65,6,122,137,88
667,66,6,122,134,84
668,67,6,120,133,83
669,68,6,119,129,82
670,69,6,120,129,80
671,70,6,120,128,80
672,71,6,119,127,79
673,72,6,121,129,80
674,73,6,121,130,83
675,74,6,121,131,85
676,75,6,121,130,85
677,76,6,121,130,81
678,77,6,120,128,75
679,78,6,122,129,80
680,79,6,120,130,84
681,80,6,118,129,84
682,81,6,118,133,89
683,82,6,121,138,93
684,83,6,121,137,93
685,84,6,121,137,93
686,85,6,122,136,89
687,86,6,121,137,91
688,87,6,119,134,92
689,88,6,117,133,94
690,89,6,118,133,90
691,90,6,122,132,86
692,91,6,123,132,85
693,92,6,121,134,86
694,93,6,122,133,85
695,94,6,123,136,86
696,95,6,127,139,88
697,96,6,128,140,87
698,97,6,126,137,85
699,98,6,125,135,85
700,99,6,104,115,83
701,0,7,122,126,71
702,1,7,127,133,81
703,2,7,126,137,91
704,3,7,123,134,89
705,4,7,121,131,81
706,5,7,122,132,82
707,6,7,119,132,81
708,7,7,119,130,77
709,8,7,122,132,79
710,9,7,125,134,81
711,10,7,125,133,76
712,11,7,122,131,73
713,12,7,124,134,81
714,13,7,124,138,86
715,14,7,125,140,93
716,15,7,123,138,92
717,16,7,123,137,88
718,17,7,124,136,88
719,18,7,125,137,88
720,19,7,127,139,90
721,20,7,128,137,85
722,21,7,128,136,83
723,22,7,126,134,85
724,23,7,127,135,83
725,24,7,126,132,77
726,25,7,125,133,78
727,26,7,124,133,79
728,27,7,124,132,78
729,28,7,122,130,78
730,29,7,122,132,80
731,30,7,121,130,79
732,31,7,120,131,80
733,32,7,122,132,81
734,33,7,124,134,80
735,34,7,126,135,79
736,35,7,125,136,79
737,36,7,127,136,82
738,37,7,125,132,79
739,38,7,126,129,72
740,39,7,125,127,75
741,40,7,124,126,74
742,41,7,123,129,77
743,42,7,125,133,85
744,43,7,125,132,84
745,44,7,123,131,84
746,45,7,124,134,89
747,46,7,125,136,92
748,47,7,127,134,88
749,48,7,127,131,81
750,49,7,129,136,88
751,50,7,129,139,93
752,51,7,129,141,95
753,52,7,129,139,97
754,53,7,127,136,90
755,54,7,128,137,89
756,55,7,124,134,84
757,56,7,123,131,81
758,57,7,121,130,80
759,58,7,121,131,85
760,59,7,120,131,82
761,60,7,120,132,86
762,61,7,122,134,87
763,62,7,123,136,91
764,63,7,124,141,97
765,64,7,125,142,98
766,65,7,125,139,92
767,66,7,123,137,91
768,67,7,124,137,89
769,68,7,122,132,83
770,69,7,122,130,82
771,70,7,123,130,84
772,71,7,123,130,81
773,72,7,125,133,84
774,73,7,126,135,88
775,74,7,122,131,83
776,75,7,123,131,83
777,76,7,125,132,82
778,77,7,125,131,81
779,78,7,127,134,86
780,79,7,125,134,88
781,80,7,122,131,85
782,81,7,124,133,89
783,82,7,124,136,92
784,83,7,125,138,96
785,84,7,125,138,96
786,85,7,123,133,89
787,86,7,125,136,93
788,87,7,124,136,93
789,88,7,125,136,93
790,89,7,126,137,90
791,90,7,126,137,88
792,91,7,124,134,84
793,92,7,126,134,84
794,93,7,127,137,87
795,94,7,128,140,93
796,95,7,129,141,95
797,96,7,130,141,92
798,97,7,129,139,89
799,98,7,130,139,88
800,99,7,108,117,81
801,0,8,127,133,77
802,1,8,132,143,91
803,2,8,128,143,96
804,3,8,123,135,90
805,4,8,123,132,81
806,5,8,124,132,80
807,6,8,121,131,78
808,7,8,122,131,76
809,8,8,127,136,81
810,9,8,130,138,84
811,10,8,132,139,78
812,11,8,129,138,81
813,12,8,127,139,88
814,13,8,125,141,94
815,14,8,125,140,93
816,15,8,126,138,90
817,16,8,128,136,85
818,17,8,127,136,84
819,18,8,126,138,86
820,19,8,128,139,87
821,20,8,132,140,89
822,21,8,130,140,92
823,22,8,130,140,92
824,23,8,132,141,93
825,24,8,130,139,87
826,25,8,129,137,79
827,26,8,132,137,78
828,27,8,131,137,79
829,28,8,130,137,82
830,29,8,129,139,83
831,30,8,127,136,78
832,31,8,127,135,76
833,32,8,128,136,78
834,33,8,131,140,80
835,34,8,131,139,82
836,35,8,131,138,82
837,36,8,131,137,79
838,37,8,135,138,78
839,38,8,133,133,71
840,39,8,129,133,74
841,40,8,131,132,80
842,41,8,131,134,80
843,42,8,131,136,84
844,43,8,130,137,87
845,44,8,129,138,93
846,45,8,132,140,95
847,46,8,135,142,92
848,47,8,133,138,85
849,48,8,132,136,84
850,49,8,132,137,87
851,50,8,132,137,88
852,51,8,134,140,89
853,52,8,134,141,90
854,53,8,134,141,90
855,54,8,131,137,85
856,55,8,129,136,85
857,56,8,129,133,82
858,57,8,124,131,80
859,58,8,123,131,84
860,59,8,123,134,84
861,60,8,125,137,88
862,61,8,126,138,92
863,62,8,127,140,91
864,63,8,127,139,93
865,64,8,128,141,92
866,65,8,128,140,88
867,66,8,128,139,87
868,67,8,126,139,84
869,68,8,123,133,82
870,69,8,125,133,81
871,70,8,125,131,76
872,71,8,126,131,75
873,72,8,127,133,78
874,73,8,125,133,81
875,74,8,125,132,81
876,75,8,125,131,79
877,76,8,126,131,79
878,77,8,125,131,81
879,78,8,126,133,85
880,79,8,127,136,91
881,80,8,127,135,86
882,81,8,126,135,87
883,82,8,126,137,94
884,83,8,126,141,96
885,84,8,129,140,94
886,85,8,129,136,89
887,86,8,128,138,92
888,87,8,130,140,94
889,88,8,134,142,92
890,89,8,131,140,89
891,90,8,131,140,86
892,91,8,131,138,81
893,92,8,132,138,79
894,93,8,132,140,84
895,94,8,133,142,91
896,95,8,133,143,96
897,96,8,134,145,98
898,97,8,134,145,98
899,98,8,132,141,94
900,99,8,115,122,84
901,0,9,131,135,78
902,1,9,136,147,95
903,2,9,134,145,92
904,3,9,130,140,89
905,4,9,127,137,82
906,5,9,131,139,85
907,6,9,133,141,88
908,7,9,132,141,86
909,8,9,134,145,93
910,9,9,134,143,91
911,10,9,130,139,83
912,11,9,131,141,86
913,12,9,133,142,91
914,13,9,131,141,89
915,14,9,131,140,85
916,15,9,130,137,82
917,16,9,128,133,81
918,17,9,131,137,85
919,18,9,129,138,88
920,19,9,128,137,88
921,20,9,131,138,88
922,21,9,130,137,86
923,22,9,129,136,85
924,23,9,131,138,88
925,24,9,132,139,86
926,25,9,134,142,86
927,26,9,136,143,86
928,27,9,137,144,87
929,28,9,134,138,82
930,29,9,130,135,80
931,30,9,132,139,81
932,31,9,131,136,76
933,32,9,132,137,78
934,33,9,134,139,81
935,34,9,132,138,83
936,35,9,134,139,83
937,36,9,133,138,82
938,37,9,137,139,82
939,38,9,136,140,84
940,39,9,131,135,79
941,40,9,138,138,82
942,41,9,142,145,86
943,42,9,141,141,82
944,43,9,138,137,81
945,44,9,129,122,73
946,45,9,120,109,63
947,46,9,113,96,55
948,47,9,103,83,45
949,48,9,100,78,42
950,49,9,97,73,41
951,50,9,96,73,42
952,51,9,97,76,44
953,52,9,96,79,47
954,53,9,103,90,54
955,54,9,112,100,59
956,55,9,121,115,68
957,56,9,128,125,71
958,57,9,127,133,83
959,58,9,127,136,87
960,59,9,125,134,85
961,60,9,124,134,83
962,61,9,125,136,87
963,62,9,128,139,89
964,63,9,129,138,85
965,64,9,131,140,82
966,65,9,133,142,83
967,66,9,130,142,88
968,67,9,129,138,87
969,68,9,125,133,81
970,69,9,126,132,78
971,70,9,128,131,76
972,71,9,128,131,72
973,72,9,128,130,76
974,73,9,129,134,82
975,74,9,131,138,87
976,75,9,128,134,81
977,76,9,128,133,82
978,77,9,126,134,86
979,78,9,125,134,90
980,79,9,129,138,90
981,80,9,128,138,89
982,81,9,127,136,90
983,82,9,129,138,90
984,83,9,132,143,93
985,84,9,135,142,92
986,85,9,135,138,83
987,86,9,134,140,89
988,87,9,136,145,96
989,88,9,137,145,95
990,89,9,134,142,91
991,90,9,134,142,86
992,91,9,134,139,79
993,92,9,131,136,78
994,93,9,134,139,84
995,94,9,137,143,90
996,95,9,136,144,89
997,96,9,136,149,98
998,97,9,136,149,103
999,98,9,134,143,96
1000,99,9,115,119,81
1001,0,10,127,133,81
1002,1,10,134,146,100
1003,2,10,130,146,104
1004,3,10,125,138,92
1005,4,10,131,141,89
1006,5,10,134,144,92
1007,6,10,137,147,94
1008,7,10,138,149,98
1009,8,10,136,149,99
1010,9,10,133,143,92
1011,10,10,131,138,82
1012,11,10,133,138,80
1013,12,10,136,141,83
1014,13,10,136,141,82
1015,14,10,136,143,86
1016,15,10,133,140,86
1017,16,10,134,138,87
1018,17,10,135,139,88
1019,18,10,134,138,85
1020,19,10,134,138,81
1021,20,10,135,140,84
1022,21,10,134,140,88
1023,22,10,135,140,85
1024,23,10,139,145,92
1025,24,10,141,146,91
1026,25,10,140,148,95
1027,26,10,139,147,93
1028,27,10,139,147,95
1029,28,10,138,144,92
1030,29,10,136,140,84
1031,30,10,134,139,83
1032,31,10,136,140,82
1033,32,10,136,142,83
1034,33,10,136,142,83
1035,34,10,136,142,87
1036,35,10,137,144,88
1037,36,10,133,140,84
1038,37,10,137,142,89
1039,38,10,139,144,90
1040,39,10,140,141,87
1041,40,10,147,142,84
1042,41,10,137,127,69
1043,42,10,114,91,45
1044,43,10,98,65,26
1045,44,10,100,61,25
1046,45,10,100,59,22
1047,46,10,84,47,19
1048,47,10,78,43,22
1049,48,10,73,41,24
1050,49,10,69,39,25
1051,50,10,69,38,27
1052,51,10,67,37,24
1053,52,10,61,32,22
1054,53,10,60,33,24
1055,54,10,67,36,24
1056,55,10,71,40,24
1057,56,10,74,46,28
1058,57,10,86,67,42
1059,58,10,105,98,58
1060,59,10,127,126,72
1061,60,10,132,137,81
1062,61,10,130,139,86
1063,62,10,130,139,89
1064,63,10,130,140,88
1065,64,10,133,144,91
1066,65,10,135,143,90
1067,66,10,132,141,88
1068,67,10,130,138,89
1069,68,10,128,135,81
1070,69,10,127,133,79
1071,70,10,130,135,83
1072,71,10,129,134,81
1073,72,10,128,133,80
1074,73,10,130,135,83
1075,74,10,132,139,87
1076,75,10,129,137,85
1077,76,10,130,138,89
1078,77,10,128,138,93
1079,78,10,128,140,96
1080,79,10,132,142,91
1081,80,10,131,139,86
1082,81,10,132,139,88
1083,82,10,134,141,89
1084,83,10,137,145,92
1085,84,10,139,145,93
1086,85,10,139,141,89
1087,86,10,140,146,93
1088,87,10,143,151,98
1089,88,10,143,151,98
1090,89,10,139,145,93
1091,90,10,140,146,92
1092,91,10,136,143,85
1093,92,10,136,140,82
1094,93,10,135,139,84
1095,94,10,138,145,92
1096,95,10,139,148,92
1097,96,10,139,151,98
1098,97,10,138,151,100
1099,98,10,137,146,95
1100,99,10,121,125,80
1101,0,11,126,132,82
1102,1,11,133,147,102
1103,2,11,133,148,104
1104,3,11,133,145,97
1105,4,11,133,143,92
1106,5,11,132,142,90
1107,6,11,134,145,93
1108,7,11,134,146,97
1109,8,11,135,145,97
1110,9,11,131,139,86
1111,10,11,134,139,84
1112,11,11,135,140,83
1113,12,11,140,144,88
1114,13,11,142,147,87
1115,14,11,143,147,89
1116,15,11,138,143,87
1117,16,11,138,142,87
1118,17,11,139,143,92
1119,18,11,137,141,89
1120,19,11,140,142,90
1121,20,11,138,142,89
1122,21,11,139,143,90
1123,22,11,140,145,91
1124,23,11,145,150,96
1125,24,11,145,149,93
1126,25,11,145,151,94
1127,26,11,144,149,92
1128,27,11,143,148,90
1129,28,11,141,148,90
1130,29,11,142,150,94
1131,30,11,141,148,88
1132,31,11,147,152,90
1133,32,11,146,150,85
1134,33,11,145,148,83
1135,34,11,141,147,89
1136,35,11,143,150,95
1137,36,11,142,147,91
1138,37,11,143,147,88
1139,38,11,147,148,88
1140,39,11,140,130,71
1141,40,11,114,92,44
1142,41,11,95,61,22
1143,42,11,95,57,17
1144,43,11,103,62,20
1145,44,11,123,80,27
1146,45,11,117,76,28
1147,46,11,98,63,27
1148,47,11,93,58,26
1149,48,11,84,53,27
1150,49,11,79,50,28
1151,50,11,74,45,28
1152,51,11,65,38,27
1153,52,11,55,33,25
1154,53,11,48,31,24
1155,54,11,49,30,23
1156,55,11,54,30,22
1157,56,11,64,32,19
1158,57,11,62,27,17
1159,58,11,49,21,16
1160,59,11,57,37,23
1161,60,11,95,83,45
1162,61,11,132,131,75
1163,62,11,136,143,89
1164,63,11,133,142,89
1165,64,11,137,146,90
1166,65,11,136,144,92
1167,66,11,133,142,92
1168,67,11,132,141,87
1169,68,11,133,139,82
1170,69,11,133,140,86
1171,70,11,129,137,85
1172,71,11,130,137,85
1173,72,11,128,136,84
1174,73,11,130,139,87
1175,74,11,134,142,93
1176,75,11,133,143,97
1177,76,11,132,141,95
1178,77,11,133,144,98
1179,78,11,137,150,104
1180,79,11,140,150,97
1181,80,11,137,145,89
1182,81,11,135,142,80
1183,82,11,140,147,86
1184,83,11,141,146,89
1185,84,11,143,146,89
1186,85,11,144,143,88
1187,86,11,146,147,88
1188,87,11,146,150,90
1189,88,11,147,151,95
1190,89,11,142,146,89
1191,90,11,142,147,89
1192,91,11,142,147,88
1193,92,11,142,147,88
1194,93,11,140,145,89
1195,94,11,140,147,94
1196,95,11,139,148,96
1197,96,11,145,154,101
1198,97,11,145,154,98
1199,98,11,141,149,93
1200,99,11,129,134,86
1201,0,12,127,132,84
1202,1,12,137,146,99
1203,2,12,136,146,99
1204,3,12,133,144,95
1205,4,12,134,143,90
1206,5,12,135,142,90
1207,6,12,133,142,92
1208,7,12,134,143,93
1209,8,12,137,146,94
1210,9,12,139,146,94
1211,10,12,142,147,93
1212,11,12,144,146,88
1213,12,12,146,152,94
1214,13,12,148,154,98
1215,14,12,147,151,94
1216,15,12,144,146,91
1217,16,12,143,146,92
1218,17,12,141,147,94
1219,18,12,142,148,95
1220,19,12,142,148,96
1221,20,12,143,149,98
1222,21,12,143,151,101
1223,22,12,144,150,100
1224,23,12,145,153,102
1225,24,12,144,150,96
1226,25,12,144,149,95
1227,26,12,144,149,94
1228,27,12,141,145,89
1229,28,12,143,147,91
1230,29,12,145,149,91
1231,30,12,149,153,89
1232,31,12,149,151,87
1233,32,12,150,152,89
1234,33,12,147,152,88
1235,34,12,144,152,96
1236,35,12,143,151,100
1237,36,12,148,154,99
1238,37,12,146,146,89
1239,38,12,127,110,56
1240,39,12,104,73,31
1241,40,12,100,67,29
1242,41,12,110,72,25
1243,42,12,115,74,26
1244,43,12,122,79,25
1245,44,12,136,94,32
1246,45,12,119,81,31
1247,46,12,109,71,31
1248,47,12,105,67,27
1249,48,12,98,63,27
1250,49,12,92,59,30
1251,50,12,83,53,29
1252,51,12,74,45,25
1253,52,12,67,40,25
1254,53,12,59,36,25
1255,54,12,48,29,24
1256,55,12,39,23,22
1257,56,12,38,22,20
1258,57,12,41,23,19
1259,58,12,48,23,18
1260,59,12,40,16,18
1261,60,12,31,13,16
1262,61,12,55,38,27
1263,62,12,119,111,63
1264,63,12,140,145,85
1265,64,12,140,146,88
1266,65,12,142,147,92
1267,66,12,140,150,100
1268,67,12,137,148,98
1269,68,12,137,146,94
1270,69,12,135,142,91
1271,70,12,130,138,87
1272,71,12,132,139,86
1273,72,12,131,138,86
1274,73,12,132,139,88
1275,74,12,135,144,94
1276,75,12,133,145,99
1277,76,12,135,146,100
1278,77,12,138,149,101
1279,78,12,141,152,103
1280,79,12,141,151,99
1281,80,12,140,149,95
1282,81,12,142,151,94
1283,82,12,146,151,90
1284,83,12,147,149,89
1285,84,12,149,151,89
1286,85,12,147,147,85
1287,86,12,148,149,88
1288,87,12,145,148,90
1289,88,12,144,148,92
1290,89,12,144,149,91
1291,90,12,145,147,89
1292,91,12,144,146,87
1293,92,12,145,152,96
1294,93,12,143,149,94
1295,94,12,142,148,95
1296,95,12,142,148,98
1297,96,12,145,153,102
1298,97,12,148,153,93
1299,98,12,144,149,89
1300,99,12,135,142,98
1301,0,13,126,128,80
1302,1,13,136,142,95
1303,2,13,136,141,96
1304,3,13,136,144,97
1305,4,13,139,151,103
1306,5,13,145,155,108
1307,6,13,143,152,99
1308,7,13,143,151,100
1309,8,13,146,155,101
1310,9,13,148,153,98
1311,10,13,146,153,99
1312,11,13,147,154,102
1313,12,13,148,151,96
1314,13,13,147,152,98
1315,14,13,148,153,105
1316,15,13,145,150,106
1317,16,13,146,153,101
1318,17,13,146,152,98
1319,18,13,145,147,93
1320,19,13,146,149,95
1321,20,13,148,150,99
1322,21,13,149,153,102
1323,22,13,148,151,99
1324,23,13,151,156,102
1325,24,13,151,155,99
1326,25,13,150,154,100
1327,26,13,148,153,100
1328,27,13,145,150,98
1329,28,13,144,147,94
1330,29,13,150,153,95
1331,30,13,149,155,96
1332,31,13,149,153,97
1333,32,13,149,153,97
1334,33,13,150,153,98
1335,34,13,148,153,103
1336,35,13,148,155,105
1337,36,13,154,155,102
1338,37,13,122,104,60
1339,38,13,91,57,25
1340,39,13,100,66,28
1341,40,13,116,80,35
1342,41,13,130,90,34
1343,42,13,144,103,42
1344,43,13,158,119,47
1345,44,13,164,125,52
1346,45,13,152,113,46
1347,46,13,140,101,41
1348,47,13,131,94,38
1349,48,13,122,85,35
1350,49,13,107,70,31
1351,50,13,91,56,25
1352,51,13,80,48,27
1353,52,13,71,43,28
1354,53,13,63,37,27
1355,54,13,54,32,25
1356,55,13,46,26,25
1357,56,13,43,26,26
1358,57,13,32,19,22
1359,58,13,31,17,23
1360,59,13,38,19,24
1361,60,13,42,21,23
1362,61,13,28,10,21
1363,62,13,36,21,24
1364,63,13,102,93,58
1365,64,13,147,148,86
1366,65,13,147,153,95
1367,66,13,140,148,97
1368,67,13,139,149,96
1369,68,13,139,149,99
1370,69,13,135,143,93
1371,70,13,135,142,90
1372,71,13,135,144,92
1373,72,13,138,144,92
1374,73,13,134,142,91
1375,74,13,135,142,93
1376,75,13,134,144,98
1377,76,13,137,147,100
1378,77,13,139,148,100
1379,78,13,141,149,99
1380,79,13,144,151,100
1381,80,13,142,150,98
1382,81,13,148,156,104
1383,82,13,155,157,102
1384,83,13,156,156,97
1385,84,13,152,151,90
1386,85,13,153,153,95
1387,86,13,153,153,96
1388,87,13,148,149,91
1389,88,13,148,150,90
1390,89,13,147,149,89
1391,90,13,148,148,89
1392,91,13,145,146,85
1393,92,13,145,151,96
1394,93,13,144,148,93
1395,94,13,144,148,93
1396,95,13,144,150,99
1397,96,13,148,156,106
1398,97,13,149,157,105
1399,98,13,145,151,95
1400,99,13,135,142,98
1401,0,14,128,128,78
1402,1,14,135,138,92
1403,2,14,137,141,96
1404,3,14,138,145,98
1405,4,14,142,151,102
1406,5,14,150,159,109
1407,6,14,152,160,109
1408,7,14,150,159,110
1409,8,14,149,156,102
1410,9,14,149,155,100
1411,10,14,151,159,107
1412,11,14,152,160,109
1413,12,14,150,154,99
1414,13,14,147,151,97
1415,14,14,145,152,102
1416,15,14,144,151,102
1417,16,14,146,150,93
1418,17,14,150,152,92
1419,18,14,151,151,90
1420,19,14,151,150,92
1421,20,14,152,152,96
1422,21,14,153,156,102
1423,22,14,153,158,104
1424,23,14,157,159,103
1425,24,14,155,154,98
1426,25,14,152,154,98
1427,26,14,151,152,97
1428,27,14,149,153,98
1429,28,14,147,150,94
1430,29,14,150,153,95
1431,30,14,153,156,98
1432,31,14,153,157,97
1433,32,14,154,159,103
1434,33,14,153,160,112
1435,34,14,148,157,113
1436,35,14,151,157,108
1437,36,14,126,111,67
1438,37,14,92,60,28
1439,38,14,119,83,34
1440,39,14,155,117,48
1441,40,14,178,141,65
1442,41,14,194,156,74
1443,42,14,205,167,80
1444,43,14,209,171,82
1445,44,14,207,169,80
1446,45,14,204,166,76
1447,46,14,196,158,70
1448,47,14,187,148,63
1449,48,14,178,138,52
1450,49,14,167,127,48
1451,50,14,141,101,35
1452,51,14,111,71,29
1453,52,14,88,54,27
1454,53,14,73,45,29
1455,54,14,63,36,28
1456,55,14,52,30,28
1457,56,14,45,25,26
1458,57,14,38,20,26
1459,58,14,35,18,27
1460,59,14,36,18,26
1461,60,14,35,17,22
1462,61,14,29,14,23
1463,62,14,26,13,26
1464,63,14,29,14,21
1465,64,14,97,87,49
1466,65,14,145,149,92
1467,66,14,140,148,97
1468,67,14,142,151,96
1469,68,14,142,153,105
1470,69,14,141,154,109
1471,70,14,141,151,101
1472,71,14,143,153,102
1473,72,14,142,151,99
1474,73,14,140,147,93
1475,74,14,143,149,94
1476,75,14,143,151,102
1477,76,14,142,150,102
1478,77,14,143,152,102
1479,78,14,145,153,102
1480,79,14,148,154,101
1481,80,14,151,157,100
1482,81,14,153,159,103
1483,82,14,154,158,104
1484,83,14,153,155,99
1485,84,14,150,152,94
1486,85,14,152,153,96
1487,86,14,153,154,97
1488,87,14,148,151,94
1489,88,14,148,150,92
1490,89,14,148,148,90
1491,90,14,150,151,91
1492,91,14,148,148,87
1493,92,14,147,150,97
1494,93,14,146,148,92
1495,94,14,150,151,93
1496,95,14,149,152,98
1497,96,14,151,158,105
1498,97,14,151,158,103
1499,98,14,148,153,93
1500,99,14,136,141,96
1501,0,15,132,131,81
1502,1,15,140,142,93
1503,2,15,139,142,94
1504,3,15,141,145,93
1505,4,15,142,148,91
1506,5,15,143,154,102
1507,6,15,147,155,104
1508,7,15,151,157,105
1509,8,15,150,154,100
1510,9,15,149,156,107
1511,10,15,149,157,110
1512,11,15,154,160,105
1513,12,15,153,158,102
1514,13,15,152,155,98
1515,14,15,151,155,98
1516,15,15,151,155,100
1517,16,15,152,154,97
1518,17,15,153,154,93
1519,18,15,155,154,93
1520,19,15,157,156,99
1521,20,15,156,156,99
1522,21,15,158,160,103
1523,22,15,158,159,101
1524,23,15,158,159,102
1525,24,15,155,157,101
1526,25,15,154,155,100
1527,26,15,153,154,99
1528,27,15,154,156,99
1529,28,15,158,158,96
1530,29,15,157,157,96
1531,30,15,158,159,98
1532,31,15,160,163,105
1533,32,15,159,163,112
1534,33,15,153,160,115
1535,34,15,149,155,111
1536,35,15,133,123,76
1537,36,15,89,59,30
1538,37,15,116,79,36
1539,38,15,174,132,53
1540,39,15,195,156,71
1541,40,15,212,176,93
1542,41,15,218,183,99
1543,42,15,225,188,98
1544,43,15,227,188,93
1545,44,15,227,188,95
1546,45,15,225,187,92
1547,46,15,221,181,87
1548,47,15,212,172,77
1549,48,15,203,162,69
1550,49,15,193,153,64
1551,50,15,172,132,48
1552,51,15,148,106,37
1553,52,15,124,83,31
1554,53,15,101,64,29
1555,54,15,77,44,25
1556,55,15,61,35,27
1557,56,15,51,28,27
1558,57,15,40,20,24
1559,58,15,33,16,24
1560,59,15,32,16,25
1561,60,15,35,18,26
1562,61,15,32,16,27
1563,62,15,28,14,27
1564,63,15,25,12,24
1565,64,15,29,12,19
1566,65,15,105,96,56
1567,66,15,144,153,97
1568,67,15,146,155,104
1569,68,15,142,153,105
1570,69,15,142,153,107
1571,70,15,142,153,105
1572,71,15,143,153,102
1573,72,15,144,154,102
1574,73,15,147,155,102
1575,74,15,148,155,101
1576,75,15,148,154,100
1577,76,15,150,157,100
1578,77,15,150,157,104
1579,78,15,150,158,107
1580,79,15,152,159,104
1581,80,15,152,157,101
1582,81,15,152,156,102
1583,82,15,151,156,101
1584,83,15,154,158,105
1585,84,15,155,157,101
1586,85,15,153,156,103
1587,86,15,153,157,104
1588,87,15,151,155,102
1589,88,15,148,154,101
1590,89,15,147,148,94
1591,90,15,148,150,92
1592,91,15,150,147,87
1593,92,15,150,153,98
1594,93,15,151,151,95
1595,94,15,152,152,93
1596,95,15,154,156,97
1597,96,15,154,159,103
1598,97,15,155,160,107
1599,98,15,154,156,95
1600,99,15,143,146,102
1601,0,16,139,138,86
1602,1,16,146,149,97
1603,2,16,152,155,96
1604,3,16,149,153,95
1605,4,16,142,152,96
1606,5,16,150,158,100
1607,6,16,146,153,97
1608,7,16,145,151,97
1609,8,16,148,150,92
1610,9,16,152,159,105
1611,10,16,152,158,107
1612,11,16,155,159,103
1613,12,16,161,165,110
1614,13,16,157,164,108
1615,14,16,157,163,109
1616,15,16,160,163,107
1617,16,16,159,160,100
1618,17,16,158,158,100
1619,18,16,159,160,103
1620,19,16,160,159,104
1621,20,16,160,159,101
1622,21,16,162,163,105
1623,22,16,161,161,99
1624,23,16,161,162,102
1625,24,16,159,160,103
1626,25,16,157,161,105
1627,26,16,160,164,110
1628,27,16,161,162,104
1629,28,16,157,158,99
1630,29,16,157,158,100
1631,30,16,158,159,102
1632,31,16,158,164,113
1633,32,16,155,161,117
1634,33,16,154,160,113
1635,34,16,134,128,84
1636,35,16,78,52,31
1637,36,16,85,52,29
1638,37,16,156,116,51
1639,38,16,195,156,69
1640,39,16,216,178,92
1641,40,16,224,188,103
1642,41,16,222,189,105
1643,42,16,226,191,100
1644,43,16,230,192,97
1645,44,16,228,192,98
1646,45,16,229,192,95
1647,46,16,228,189,95
1648,47,16,222,182,87
1649,48,16,214,173,79
1650,49,16,204,164,71
1651,50,16,192,151,62
1652,51,16,170,128,45
1653,52,16,143,101,32
1654,53,16,120,79,31
1655,54,16,96,59,27
1656,55,16,76,44,25
1657,56,16,61,33,24
1658,57,16,49,25,21
1659,58,16,42,19,22
1660,59,16,33,16,24
1661,60,16,28,14,24
1662,61,16,27,14,25
1663,62,16,29,15,26
1664,63,16,25,12,24
1665,64,16,24,11,22
1666,65,16,43,26,23
1667,66,16,126,127,82
1668,67,16,145,156,108
1669,68,16,146,155,102
1670,69,16,142,151,99
1671,70,16,141,151,104
1672,71,16,141,150,103
1673,72,16,146,154,102
1674,73,16,150,158,106
1675,74,16,152,158,107
1676,75,16,152,157,104
1677,76,16,156,162,107
1678,77,16,156,163,108
1679,78,16,156,164,110
1680,79,16,154,159,107
1681,80,16,152,157,101
1682,81,16,151,158,105
1683,82,16,153,160,107
1684,83,16,159,164,108
1685,84,16,163,166,109
1686,85,16,158,163,110
1687,86,16,159,163,113
1688,87,16,157,161,111
1689,88,16,157,159,106
1690,89,16,153,153,97
1691,90,16,154,154,94
1692,91,16,154,153,91
1693,92,16,153,153,92
1694,93,16,154,152,92
1695,94,16,153,152,91
1696,95,16,156,158,99
1697,96,16,158,162,110
1698,97,16,158,164,117
1699,98,16,152,155,102
1700,99,16,144,148,105
1701,0,17,133,134,81
1702,1,17,145,151,99
1703,2,17,157,163,104
1704,3,17,155,159,101
1705,4,17,154,163,110
1706,5,17,164,169,109
1707,6,17,150,158,106
1708,7,17,147,155,105
1709,8,17,153,158,98
1710,9,17,153,157,102
1711,10,17,161,163,107
1712,11,17,164,167,108
1713,12,17,164,171,119
1714,13,17,162,169,119
1715,14,17,162,168,117
1716,15,17,165,170,114
1717,16,17,164,167,110
1718,17,17,165,165,107
1719,18,17,164,165,108
1720,19,17,166,167,111
1721,20,17,165,164,105
1722,21,17,167,165,103
1723,22,17,162,162,100
1724,23,17,161,163,108
1725,24,17,159,161,106
1726,25,17,160,164,112
1727,26,17,161,166,114
1728,27,17,160,164,109
1729,28,17,159,160,102
1730,29,17,157,158,104
1731,30,17,159,163,115
1732,31,17,158,166,126
1733,32,17,160,164,122
1734,33,17,149,145,99
1735,34,17,108,84,49
1736,35,17,60,28,24
1737,36,17,103,67,35
1738,37,17,168,130,56
1739,38,17,195,156,72
1740,39,17,216,177,91
1741,40,17,225,185,97
1742,41,17,225,186,96
1743,42,17,223,184,94
1744,43,17,222,184,92
1745,44,17,226,189,97
1746,45,17,229,188,94
1747,46,17,227,185,89
1748,47,17,222,181,84
1749,48,17,214,174,79
1750,49,17,203,162,72
1751,50,17,190,148,60
1752,51,17,173,132,47
1753,52,17,152,110,37
1754,53,17,132,92,32
1755,54,17,114,76,31
1756,55,17,91,56,30
1757,56,17,69,40,25
1758,57,17,56,30,25
1759,58,17,55,26,24
1760,59,17,43,20,25
1761,60,17,33,16,26
1762,61,17,29,15,28
1763,62,17,26,12,26
1764,63,17,26,12,23
1765,64,17,23,12,21
1766,65,17,19,6,19
1767,66,17,73,64,44
1768,67,17,143,150,98
1769,68,17,139,150,99
1770,69,17,136,143,88
1771,70,17,135,144,92
1772,71,17,141,149,99
1773,72,17,149,154,99
1774,73,17,148,151,94
1775,74,17,149,151,94
1776,75,17,149,154,99
1777,76,17,156,162,104
1778,77,17,152,161,106
1779,78,17,153,161,108
1780,79,17,152,158,105
1781,80,17,154,156,102
1782,81,17,153,157,106
1783,82,17,157,160,104
1784,83,17,162,162,102
1785,84,17,164,166,109
1786,85,17,161,167,113
1787,86,17,164,169,116
1788,87,17,163,167,112
1789,88,17,162,163,106
1790,89,17,161,159,101
1791,90,17,162,161,100
1792,91,17,158,158,96
1793,92,17,156,157,94
1794,93,17,155,154,93
1795,94,17,156,154,93
1796,95,17,162,162,106
1797,96,17,163,165,111
1798,97,17,164,169,120
1799,98,17,156,160,105
1800,99,17,149,149,105
1801,0,18,117,119,72
1802,1,18,138,146,99
1803,2,18,151,159,106
1804,3,18,148,156,105
1805,4,18,151,160,109
1806,5,18,162,166,107
1807,6,18,154,161,109
1808,7,18,148,155,102
1809,8,18,147,149,91
1810,9,18,141,146,92
1811,10,18,160,164,109
1812,11,18,160,166,115
1813,12,18,161,167,120
1814,13,18,159,166,122
1815,14,18,166,170,120
1816,15,18,168,172,120
1817,16,18,169,173,121
1818,17,18,169,172,113
1819,18,18,173,174,116
1820,19,18,171,173,116
1821,20,18,166,167,109
1822,21,18,165,166,106
1823,22,18,160,160,103
1824,23,18,159,160,104
1825,24,18,161,162,108
1826,25,18,163,166,113
1827,26,18,164,166,110
1828,27,18,161,162,104
1829,28,18,160,159,97
1830,29,18,162,161,101
1831,30,18,165,169,113
1832,31,18,167,170,114
1833,32,18,152,147,96
1834,33,18,127,105,56
1835,34,18,97,60,32
1836,35,18,65,32,27
1837,36,18,115,76,35
1838,37,18,172,132,57
1839,38,18,196,157,75
1840,39,18,214,175,90
1841,40,18,217,175,88
1842,41,18,220,178,89
1843,42,18,216,175,85
1844,43,18,217,177,85
1845,44,18,219,179,90
1846,45,18,220,181,90
1847,46,18,217,178,88
1848,47,18,214,175,85
1849,48,18,204,163,72
1850,49,18,191,149,64
1851,50,18,184,142,56
1852,51,18,176,135,53
1853,52,18,164,121,46
1854,53,18,152,110,40
1855,54,18,135,95,36
1856,55,18,117,80,35
1857,56,18,98,63,32
1858,57,18,68,39,27
1859,58,18,45,20,23
1860,59,18,36,17,25
1861,60,18,34,17,24
1862,61,18,32,16,26
1863,62,18,27,13,26
1864,63,18,23,11,21
1865,64,18,18,9,19
1866,65,18,20,9,23
1867,66,18,35,23,24
1868,67,18,107,111,72
1869,68,18,107,124,84
1870,69,18,118,127,75
1871,70,18,134,140,84
1872,71,18,129,138,89
1873,72,18,138,139,85
1874,73,18,128,133,80
1875,74,18,130,141,90
1876,75,18,139,149,95
1877,76,18,146,157,101
1878,77,18,133,151,97
1879,78,18,150,159,100
1880,79,18,148,154,95
1881,80,18,155,158,102
1882,81,18,155,157,103
1883,82,18,158,159,101
1884,83,18,163,162,104
1885,84,18,162,163,105
1886,85,18,159,162,103
1887,86,18,163,168,110
1888,87,18,167,171,111
1889,88,18,165,165,104
1890,89,18,164,162,99
1891,90,18,166,164,101
1892,91,18,160,159,98
1893,92,18,157,156,96
1894,93,18,157,156,97
1895,94,18,157,155,95
1896,95,18,160,161,107
1897,96,18,163,168,117
1898,97,18,164,169,113
1899,98,18,159,160,99
1900,99,18,147,147,105
1901,0,19,109,107,65
1902,1,19,120,130,89
1903,2,19,135,143,93
1904,3,19,130,142,96
1905,4,19,139,150,101
1906,5,19,147,151,94
1907,6,19,142,149,99
1908,7,19,131,139,93
1909,8,19,126,129,81
1910,9,19,127,129,79
1911,10,19,154,156,99
1912,11,19,157,161,110
1913,12,19,159,164,116
1914,13,19,168,170,117
1915,14,19,171,173,114
1916,15,19,167,169,108
1917,16,19,161,163,102
1918,17,19,156,160,96
1919,18,19,169,171,106
1920,19,19,174,174,115
1921,20,19,171,171,113
1922,21,19,171,171,113
1923,22,19,163,164,109
1924,23,19,159,160,110
1925,24,19,162,163,109
1926,25,19,167,170,117
1927,26,19,164,167,115
1928,27,19,166,165,106
1929,28,19,169,169,109
1930,29,19,172,172,111
1931,30,19,173,174,114
1932,31,19,166,164,104
1933,32,19,134,115,61
1934,33,19,98,59,32
1935,34,19,75,35,30
1936,35,19,64,37,32
1937,36,19,141,100,44
1938,37,19,179,138,62
1939,38,19,196,158,83
1940,39,19,205,168,88
1941,40,19,209,171,88
1942,41,19,215,176,92
1943,42,19,220,180,91
1944,43,19,221,180,89
1945,44,19,217,178,90
1946,45,19,218,180,94
1947,46,19,215,178,92
1948,47,19,214,175,87
1949,48,19,207,166,77
1950,49,19,197,158,73
1951,50,19,191,152,67
1952,51,19,188,148,65
1953,52,19,180,140,59
1954,53,19,175,134,56
1955,54,19,164,124,49
1956,55,19,150,110,46
1957,56,19,123,86,39
1958,57,19,80,48,28
1959,58,19,47,23,23
1960,59,19,44,21,27
1961,60,19,40,18,27
1962,61,19,31,15,27
1963,62,19,32,16,28
1964,63,19,26,14,25
1965,64,19,22,11,23
1966,65,19,21,10,23
1967,66,19,22,11,23
1968,67,19,68,70,50
1969,68,19,102,115,69
1970,69,19,104,109,61
1971,70,19,118,119,66
1972,71,19,114,118,69
1973,72,19,113,117,67
1974,73,19,112,122,76
1975,74,19,121,137,89
1976,75,19,140,150,97
1977,76,19,133,146,94
1978,77,19,128,146,92
1979,78,19,140,153,97
1980,79,19,128,140,90
1981,80,19,152,155,99
1982,81,19,160,158,98
1983,82,19,164,162,101
1984,83,19,166,167,108
1985,84,19,168,169,110
1986,85,19,166,165,102
1987,86,19,166,166,104
1988,87,19,165,167,106
1989,88,19,167,168,106
1990,89,19,163,163,98
1991,90,19,168,165,98
1992,91,19,167,165,98
1993,92,19,163,161,99
1994,93,19,153,153,95
1995,94,19,147,151,98
1996,95,19,153,159,104
1997,96,19,165,168,111
1998,97,19,166,170,115
1999,98,19,158,161,104
2000,99,19,141,144,103
2001,0,20,105,105,65
2002,1,20,115,120,76
2003,2,20,123,125,78
2004,3,20,122,130,83
2005,4,20,108,121,81
2006,5,20,105,113,73
2007,6,20,123,124,77
2008,7,20,132,131,78
2009,8,20,122,121,71
2010,9,20,117,118,72
2011,10,20,125,130,81
2012,11,20,146,149,96
2013,12,20,148,150,98
2014,13,20,158,155,93
2015,14,20,159,154,89
2016,15,20,147,145,82
2017,16,20,145,143,80
2018,17,20,142,145,83
2019,18,20,138,147,90
2020,19,20,160,162,103
2021,20,20,170,167,113
2022,21,20,166,166,117
2023,22,20,168,170,123
2024,23,20,168,172,126
2025,24,20,170,171,118
2026,25,20,174,174,122
2027,26,20,172,175,121
2028,27,20,175,175,117
2029,28,20,179,178,117
2030,29,20,184,181,116
2031,30,20,178,177,110
2032,31,20,156,148,87
2033,32,20,120,96,53
2034,33,20,79,38,31
2035,34,20,69,35,35
2036,35,20,62,35,35
2037,36,20,147,107,50
2038,37,20,189,148,71
2039,38,20,203,164,88
2040,39,20,208,168,85
2041,40,20,208,169,83
2042,41,20,214,175,89
2043,42,20,216,177,91
2044,43,20,218,179,90
2045,44,20,220,181,94
2046,45,20,220,179,91
2047,46,20,213,172,80
2048,47,20,203,161,71
2049,48,20,198,156,70
2050,49,20,196,157,75
2051,50,20,196,156,72
2052,51,20,195,154,71
2053,52,20,185,144,64
2054,53,20,179,140,64
2055,54,20,167,128,57
2056,55,20,152,112,52
2057,56,20,123,85,40
2058,57,20,84,48,28
2059,58,20,53,28,27
2060,59,20,39,21,31
2061,60,20,32,16,30
2062,61,20,29,15,30
2063,62,20,26,13,29
2064,63,20,31,17,30
2065,64,20,29,15,28
2066,65,20,25,13,26
2067,66,20,21,9,25
2068,67,20,55,50,41
2069,68,20,94,103,65
2070,69,20,83,91,55
2071,70,20,94,99,60
2072,71,20,101,106,63
2073,72,20,102,108,66
2074,73,20,106,116,73
2075,74,20,116,128,83
2076,75,20,113,129,83
2077,76,20,113,130,87
2078,77,20,122,142,93
2079,78,20,120,137,87
2080,79,20,112,128,86
2081,80,20,145,151,97
2082,81,20,162,162,103
2083,82,20,165,165,104
2084,83,20,167,166,108
2085,84,20,168,168,106
2086,85,20,167,166,100
2087,86,20,167,167,99
2088,87,20,168,169,102
2089,88,20,170,170,108
2090,89,20,170,170,105
2091,90,20,174,170,97
2092,91,20,164,159,90
2093,92,20,158,155,91
2094,93,20,144,145,83
2095,94,20,136,141,89
2096,95,20,143,152,103
2097,96,20,146,156,107
2098,97,20,146,157,110
2099,98,20,127,137,92
2100,99,20,115,122,92
2101,0,21,68,66,50
2102,1,21,91,89,59
2103,2,21,108,109,70
2104,3,21,108,115,74
2105,4,21,93,105,70
2106,5,21,91,98,69
2107,6,21,105,106,66
2108,7,21,117,117,75
2109,8,21,120,120,75
2110,9,21,118,118,74
2111,10,21,117,118,75
2112,11,21,127,125,76
2113,12,21,131,130,79
2114,13,21,128,128,77
2115,14,21,130,128,77
2116,15,21,136,132,75
2117,16,21,132,130,73
2118,17,21,120,125,74
2119,18,21,122,130,81
2120,19,21,121,131,88
2121,20,21,117,130,88
2122,21,21,132,137,90
2123,22,21,152,150,98
2124,23,21,167,168,117
2125,24,21,174,175,121
2126,25,21,175,174,121
2127,26,21,171,173,118
2128,27,21,174,174,117
2129,28,21,180,176,121
2130,29,21,181,179,114
2131,30,21,170,171,111
2132,31,21,134,122,71
2133,32,21,110,86,50
2134,33,21,72,41,34
2135,34,21,64,33,36
2136,35,21,67,37,38
2137,36,21,142,102,54
2138,37,21,184,143,72
2139,38,21,184,141,71
2140,39,21,176,132,61
2141,40,21,172,128,58
2142,41,21,187,142,65
2143,42,21,210,167,78
2144,43,21,212,170,78
2145,44,21,214,170,83
2146,45,21,194,150,69
2147,46,21,156,114,50
2148,47,21,141,99,42
2149,48,21,148,105,44
2150,49,21,160,117,51
2151,50,21,159,118,52
2152,51,21,154,113,50
2153,52,21,148,109,50
2154,53,21,141,102,47
2155,54,21,131,92,41
2156,55,21,125,86,41
2157,56,21,112,74,36
2158,57,21,85,49,28
2159,58,21,53,26,24
2160,59,21,43,22,32
2161,60,21,37,19,33
2162,61,21,31,17,33
2163,62,21,26,14,31
2164,63,21,33,19,32
2165,64,21,34,19,30
2166,65,21,29,15,29
2167,66,21,29,14,28
2168,67,21,46,37,37
2169,68,21,78,86,60
2170,69,21,67,78,53
2171,70,21,82,91,59
2172,71,21,94,103,63
2173,72,21,101,111,69
2174,73,21,109,119,76
2175,74,21,103,118,81
2176,75,21,97,117,81
2177,76,21,103,125,85
2178,77,21,111,133,88
2179,78,21,106,126,86
2180,79,21,102,121,82
2181,80,21,129,138,86
2182,81,21,140,144,85
2183,82,21,164,161,98
2184,83,21,166,164,101
2185,84,21,168,167,104
2186,85,21,169,167,100
2187,86,21,176,169,92
2188,87,21,178,173,102
2189,88,21,183,180,115
2190,89,21,183,181,114
2191,90,21,174,169,98
2192,91,21,162,156,91
2193,92,21,151,152,92
2194,93,21,139,141,85
2195,94,21,139,142,92
2196,95,21,134,145,101
2197,96,21,118,135,98
2198,97,21,118,136,100
2199,98,21,114,125,87
2200,99,21,106,118,92
2201,0,22,56,48,47
2202,1,22,67,64,54
2203,2,22,87,86,63
2204,3,22,86,95,67
2205,4,22,86,98,71
2206,5,22,85,97,70
2207,6,22,95,101,69
2208,7,22,115,117,78
2209,8,22,113,113,74
2210,9,22,113,112,72
2211,10,22,118,121,77
2212,11,22,125,125,78
2213,12,22,118,119,76
2214,13,22,109,110,67
2215,14,22,111,108,67
2216,15,22,117,111,64
2217,16,22,109,108,65
2218,17,22,101,106,68
2219,18,22,106,110,71
2220,19,22,101,105,71
2221,20,22,111,113,71
2222,21,22,124,124,75
2223,22,22,119,121,75
2224,23,22,118,129,89
2225,24,22,164,170,117
2226,25,22,167,172,120
2227,26,22,166,173,123
2228,27,22,173,173,119
2229,28,22,176,172,123
2230,29,22,164,165,108
2231,30,22,145,152,105
2232,31,22,111,100,66
2233,32,22,93,73,48
2234,33,22,84,50,37
2235,34,22,80,41,37
2236,35,22,76,43,41
2237,36,22,110,71,46
2238,37,22,121,81,46
2239,38,22,140,96,49
2240,39,22,145,99,49
2241,40,22,132,88,46
2242,41,22,138,94,44
2243,42,22,174,128,54
2244,43,22,207,162,70
2245,44,22,195,151,66
2246,45,22,144,102,47
2247,46,22,108,69,35
2248,47,22,124,82,38
2249,48,22,156,110,46
2250,49,22,151,105,46
2251,50,22,129,86,41
2252,51,22,116,75,37
2253,52,22,98,61,33
2254,53,22,87,51,31
2255,54,22,92,54,30
2256,55,22,117,77,39
2257,56,22,121,80,38
2258,57,22,96,59,31
2259,58,22,62,33,27
2260,59,22,46,23,31
2261,60,22,43,22,35
2262,61,22,36,18,34
2263,62,22,30,17,34
2264,63,22,26,15,32
2265,64,22,28,16,31
2266,65,22,29,15,31
2267,66,22,31,16,31
2268,67,22,36,26,35
2269,68,22,68,76,56
2270,69,22,71,81,55
2271,70,22,74,86,60
2272,71,22,73,86,58
2273,72,22,74,89,61
2274,73,22,90,106,71
2275,74,22,95,112,79
2276,75,22,92,112,78
2277,76,22,97,120,85
2278,77,22,93,114,82
2279,78,22,80,102,75
2280,79,22,94,110,77
2281,80,22,121,128,81
2282,81,22,126,134,80
2283,82,22,160,159,89
2284,83,22,170,167,99
2285,84,22,172,171,108
2286,85,22,174,171,102
2287,86,22,172,166,91
2288,87,22,175,174,106
2289,88,22,178,175,111
2290,89,22,177,174,109
2291,90,22,170,167,105
2292,91,22,164,159,93
2293,92,22,155,154,94
2294,93,22,148,149,92
2295,94,22,141,146,95
2296,95,22,122,140,98
2297,96,22,129,143,103
2298,97,22,141,150,110
2299,98,22,124,133,93
2300,99,22,117,128,102
2301,0,23,55,49,52
2302,1,23,69,67,58
2303,2,23,80,81,62
2304,3,23,86,95,71
2305,4,23,93,103,76
2306,5,23,96,104,73
2307,6,23,96,105,75
2308,7,23,104,111,79
2309,8,23,103,108,73
2310,9,23,109,112,74
2311,10,23,115,117,78
2312,11,23,108,110,73
2313,12,23,108,108,73
2314,13,23,104,102,65
2315,14,23,111,107,67
2316,15,23,112,109,67
2317,16,23,97,100,63
2318,17,23,94,100,67
2319,18,23,94,97,67
2320,19,23,103,104,66
2321,20,23,116,111,67
2322,21,23,128,129,79
2323,22,23,107,114,71
2324,23,23,116,127,86
2325,24,23,163,167,114
2326,25,23,167,171,119
2327,26,23,159,162,111
2328,27,23,146,146,98
2329,28,23,155,158,114
2330,29,23,149,155,102
2331,30,23,145,150,99
2332,31,23,115,106,72
2333,32,23,81,50,40
2334,33,23,80,39,33
2335,34,23,72,35,35
2336,35,23,73,42,37
2337,36,23,135,94,54
2338,37,23,134,94,52
2339,38,23,160,119,61
2340,39,23,159,113,55
2341,40,23,123,77,39
2342,41,23,142,95,43
2343,42,23,171,125,55
2344,43,23,215,171,80
2345,44,23,191,149,71
2346,45,23,130,88,43
2347,46,23,135,92,42
2348,47,23,170,126,55
2349,48,23,197,152,66
2350,49,23,168,122,51
2351,50,23,133,87,38
2352,51,23,133,92,42
2353,52,23,132,91,43
2354,53,23,142,102,50
2355,54,23,163,122,55
2356,55,23,171,131,61
2357,56,23,147,107,49
2358,57,23,108,71,35
2359,58,23,68,38,28
2360,59,23,44,21,30
2361,60,23,48,24,33
2362,61,23,40,21,34
2363,62,23,30,15,32
2364,63,23,25,15,33
2365,64,23,31,18,32
2366,65,23,32,18,31
2367,66,23,29,15,31
2368,67,23,33,22,34
2369,68,23,68,72,53
2370,69,23,68,80,57
2371,70,23,67,81,61
2372,71,23,66,80,57
2373,72,23,70,84,63
2374,73,23,73,93,69
2375,74,23,75,101,77
2376,75,23,78,99,71
2377,76,23,88,105,77
2378,77,23,83,102,77
2379,78,23,71,93,70
2380,79,23,83,101,74
2381,80,23,95,110,74
2382,81,23,118,128,82
2383,82,23,155,155,90
2384,83,23,175,172,103
2385,84,23,172,171,106
2386,85,23,173,172,107
2387,86,23,167,168,105
2388,87,23,169,170,109
2389,88,23,169,169,110
2390,89,23,165,163,109
2391,90,23,162,156,92
2392,91,23,162,153,82
2393,92,23,151,148,86
2394,93,23,146,143,85
2395,94,23,127,134,87
2396,95,23,121,138,98
2397,96,23,142,153,107
2398,97,23,149,156,111
2399,98,23,124,131,92
2400,99,23,122,128,103
2401,0,24,58,51,52
2402,1,24,66,61,52
2403,2,24,84,86,64
2404,3,24,91,100,72
2405,4,24,91,99,70
2406,5,24,95,105,74
2407,6,24,105,114,82
2408,7,24,101,112,82
2409,8,24,95,108,76
2410,9,24,106,114,76
2411,10,24,114,119,80
2412,11,24,103,106,69
2413,12,24,105,103,65
2414,13,24,104,105,64
2415,14,24,109,109,65
2416,15,24,111,111,67
2417,16,24,82,84,57
2418,17,24,84,90,65
2419,18,24,92,98,66
2420,19,24,96,97,61
2421,20,24,105,106,64
2422,21,24,113,114,67
2423,22,24,90,93,59
2424,23,24,126,130,81
2425,24,24,146,147,91
2426,25,24,149,140,82
2427,26,24,120,114,69
2428,27,24,103,105,65
2429,28,24,97,107,75
2430,29,24,124,131,86
2431,30,24,139,141,93
2432,31,24,110,95,63
2433,32,24,83,43,33
2434,33,24,80,33,29
2435,34,24,60,25,28
2436,35,24,73,38,30
2437,36,24,174,128,62
2438,37,24,196,153,76
2439,38,24,198,154,74
2440,39,24,188,144,67
2441,40,24,172,128,54
2442,41,24,186,142,63
2443,42,24,196,153,68
2444,43,24,215,171,81
2445,44,24,193,150,70
2446,45,24,146,104,48
2447,46,24,155,113,50
2448,47,24,186,145,65
2449,48,24,198,154,65
2450,49,24,194,150,63
2451,50,24,187,145,62
2452,51,24,179,138,62
2453,52,24,184,142,67
2454,53,24,198,153,71
2455,54,24,201,157,71
2456,55,24,181,140,63
2457,56,24,148,107,47
2458,57,24,103,66,33
2459,58,24,60,32,26
2460,59,24,41,19,28
2461,60,24,39,21,32
2462,61,24,36,23,36
2463,62,24,29,17,33
2464,63,24,24,15,32
2465,64,24,29,17,30
2466,65,24,35,19,28
2467,66,24,34,19,31
2468,67,24,29,18,31
2469,68,24,58,60,47
2470,69,24,62,73,50
2471,70,24,59,75,54
2472,71,24,67,79,54
2473,72,24,73,85,62
2474,73,24,80,95,67
2475,74,24,84,103,72
2476,75,24,79,96,69
2477,76,24,77,95,69
2478,77,24,78,98,70
2479,78,24,73,96,70
2480,79,24,86,105,74
2481,80,24,90,106,71
2482,81,24,104,117,78
2483,82,24,134,142,92
2484,83,24,166,167,105
2485,84,24,171,171,110
2486,85,24,167,167,109
2487,86,24,167,168,109
2488,87,24,164,165,107
2489,88,24,163,164,107
2490,89,24,160,158,100
2491,90,24,160,155,93
2492,91,24,157,153,87
2493,92,24,154,150,84
2494,93,24,140,141,86
2495,94,24,122,129,83
2496,95,24,123,136,98
2497,96,24,131,144,106
2498,97,24,140,148,105
2499,98,24,127,133,91
2500,99,24,119,126,105
2501,0,25,63,55,51
2502,1,25,71,69,57
2503,2,25,85,90,68
2504,3,25,92,96,71
2505,4,25,96,91,68
2506,5,25,88,96,70
2507,6,25,92,106,79
2508,7,25,87,103,79
2509,8,25,90,107,79
2510,9,25,96,108,73
2511,10,25,97,107,71
2512,11,25,94,101,65
2513,12,25,98,98,59
2514,13,25,95,96,59
2515,14,25,94,92,55
2516,15,25,87,89,59
2517,16,25,82,86,57
2518,17,25,89,92,59
2519,18,25,88,94,61
2520,19,25,82,86,56
2521,20,25,78,84,54
2522,21,25,88,93,61
2523,22,25,80,83,55
2524,23,25,85,86,56
2525,24,25,101,98,55
2526,25,25,112,100,55
2527,26,25,100,93,57
2528,27,25,111,106,62
2529,28,25,85,85,59
2530,29,25,93,96,67
2531,30,25,110,101,65
2532,31,25,104,86,54
2533,32,25,84,52,38
2534,33,25,64,26,26
2535,34,25,54,21,28
2536,35,25,69,35,27
2537,36,25,178,130,55
2538,37,25,209,163,76
2539,38,25,213,172,86
2540,39,25,213,174,90
2541,40,25,214,172,85
2542,41,25,212,170,82
2543,42,25,206,163,77
2544,43,25,213,172,84
2545,44,25,193,151,70
2546,45,25,168,126,61
2547,46,25,175,133,59
2548,47,25,204,159,71
2549,48,25,223,179,83
2550,49,25,218,180,91
2551,50,25,224,186,95
2552,51,25,224,182,88
2553,52,25,219,175,82
2554,53,25,206,159,68
2555,54,25,186,141,59
2556,55,25,166,121,51
2557,56,25,133,91,39
2558,57,25,88,53,29
2559,58,25,51,25,25
2560,59,25,38,20,30
2561,60,25,36,21,33
2562,61,25,36,22,33
2563,62,25,33,20,33
2564,63,25,28,21,34
2565,64,25,27,17,30
2566,65,25,32,18,29
2567,66,25,39,25,32
2568,67,25,28,17,29
2569,68,25,47,46,40
2570,69,25,69,78,56
2571,70,25,67,80,57
2572,71,25,72,81,54
2573,72,25,76,84,57
2574,73,25,82,94,64
2575,74,25,81,99,69
2576,75,25,75,95,70
2577,76,25,71,92,67
2578,77,25,71,91,67
2579,78,25,66,85,65
2580,79,25,70,90,64
2581,80,25,74,93,63
2582,81,25,85,100,70
2583,82,25,108,122,84
2584,83,25,145,152,99
2585,84,25,162,164,102
2586,85,25,164,160,95
2587,86,25,165,162,100
2588,87,25,160,159,98
2589,88,25,157,155,94
2590,89,25,158,153,89
2591,90,25,158,158,99
2592,91,25,156,156,101
2593,92,25,149,149,91
2594,93,25,136,141,91
2595,94,25,131,137,93
2596,95,25,136,142,99
2597,96,25,130,141,102
2598,97,25,129,137,98
2599,98,25,125,131,91
2600,99,25,119,131,108
2601,0,26,75,66,54
2602,1,26,98,96,66
2603,2,26,96,99,69
2604,3,26,85,85,64
2605,4,26,90,85,62
2606,5,26,92,95,67
2607,6,26,84,93,70
2608,7,26,81,93,70
2609,8,26,85,99,75
2610,9,26,92,104,74
2611,10,26,90,101,68
2612,11,26,83,89,59
2613,12,26,85,86,56
2614,13,26,93,97,63
2615,14,26,94,94,58
2616,15,26,77,80,52
2617,16,26,78,83,54
2618,17,26,86,92,58
2619,18,26,83,90,59
2620,19,26,74,82,54
2621,20,26,73,79,54
2622,21,26,78,82,60
2623,22,26,73,77,55
2624,23,26,77,76,52
2625,24,26,79,76,51
2626,25,26,85,80,57
2627,26,26,90,84,55
2628,27,26,100,92,56
2629,28,26,76,77,54
2630,29,26,81,82,60
2631,30,26,88,74,48
2632,31,26,93,71,48
2633,32,26,84,49,37
2634,33,26,76,31,28
2635,34,26,66,27,29
2636,35,26,61,27,25
2637,36,26,150,104,46
2638,37,26,203,155,70
2639,38,26,213,168,84
2640,39,26,215,175,94
2641,40,26,214,175,90
2642,41,26,209,167,86
2643,42,26,209,169,90
2644,43,26,218,180,93
2645,44,26,192,152,76
2646,45,26,171,131,67
2647,46,26,178,137,68
2648,47,26,200,157,77
2649,48,26,216,171,83
2650,49,26,218,176,88
2651,50,26,223,179,92
2652,51,26,217,171,81
2653,52,26,211,165,77
2654,53,26,192,145,61
2655,54,26,167,123,52
2656,55,26,143,101,45
2657,56,26,115,74,33
2658,57,26,74,42,26
2659,58,26,48,24,25
2660,59,26,41,23,29
2661,60,26,40,24,32
2662,61,26,42,26,35
2663,62,26,39,26,35
2664,63,26,38,24,33
2665,64,26,31,21,33
2666,65,26,29,21,34
2667,66,26,35,24,34
2668,67,26,31,19,28
2669,68,26,53,47,43
2670,69,26,97,101,71
2671,70,26,95,101,69
2672,71,26,91,97,65
2673,72,26,99,103,68
2674,73,26,100,109,71
2675,74,26,96,110,76
2676,75,26,90,107,76
2677,76,26,92,109,78
2678,77,26,89,108,79
2679,78,26,86,105,76
2680,79,26,88,106,75
2681,80,26,89,106,74
2682,81,26,92,110,77
2683,82,26,101,118,80
2684,83,26,115,129,87
2685,84,26,135,143,91
2686,85,26,145,147,90
2687,86,26,151,147,90
2688,87,26,148,147,91
2689,88,26,150,147,86
2690,89,26,152,144,83
2691,90,26,146,143,87
2692,91,26,144,140,87
2693,92,26,138,136,86
2694,93,26,133,132,87
2695,94,26,134,134,90
2696,95,26,133,134,90
2697,96,26,129,135,95
2698,97,26,123,130,91
2699,98,26,121,123,85
2700,99,26,116,122,99
2701,0,27,79,70,56
2702,1,27,99,98,67
2703,2,27,83,81,60
2704,3,27,71,67,52
2705,4,27,61,59,50
2706,5,27,73,76,57
2707,6,27,78,86,64
2708,7,27,76,84,64
2709,8,27,75,80,63
2710,9,27,79,82,61
2711,10,27,86,91,66
2712,11,27,81,84,59
2713,12,27,86,88,59
2714,13,27,97,103,69
2715,14,27,92,100,69
2716,15,27,94,95,61
2717,16,27,84,88,58
2718,17,27,85,92,61
2719,18,27,78,82,55
2720,19,27,75,81,54
2721,20,27,70,73,52
2722,21,27,71,74,54
2723,22,27,72,76,54
2724,23,27,80,80,55
2725,24,27,80,76,52
2726,25,27,76,72,53
2727,26,27,77,74,50
2728,27,27,76,74,49
2729,28,27,71,70,50
2730,29,27,68,63,48
2731,30,27,71,55,43
2732,31,27,72,48,38
2733,32,27,76,37,32
2734,33,27,77,31,28
2735,34,27,70,29,29
2736,35,27,53,21,28
2737,36,27,120,75,38
2738,37,27,195,148,69
2739,38,27,211,166,84
2740,39,27,213,170,90
2741,40,27,211,170,83
2742,41,27,200,157,76
2743,42,27,208,169,91
2744,43,27,215,177,95
2745,44,27,192,151,76
2746,45,27,172,130,63
2747,46,27,168,126,60
2748,47,27,194,151,75
2749,48,27,208,162,79
2750,49,27,212,166,81
2751,50,27,214,168,84
2752,51,27,204,159,75
2753,52,27,194,150,70
2754,53,27,174,130,59
2755,54,27,148,106,47
2756,55,27,126,84,40
2757,56,27,99,60,30
2758,57,27,65,34,23
2759,58,27,46,24,26
2760,59,27,41,22,30
2761,60,27,42,24,31
2762,61,27,42,26,33
2763,62,27,43,28,37
2764,63,27,38,23,33
2765,64,27,29,21,34
2766,65,27,28,21,34
2767,66,27,29,20,32
2768,67,27,35,22,32
2769,68,27,41,32,32
2770,69,27,63,69,50
2771,70,27,70,77,55
2772,71,27,67,77,56
2773,72,27,81,87,64
2774,73,27,90,99,69
2775,74,27,92,106,75
2776,75,27,90,107,74
2777,76,27,89,110,78
2778,77,27,89,114,83
2779,78,27,92,116,82
2780,79,27,98,119,85
2781,80,27,106,126,88
2782,81,27,111,130,92
2783,82,27,114,132,92
2784,83,27,123,137,90
2785,84,27,128,140,92
2786,85,27,132,142,94
2787,86,27,135,142,91
2788,87,27,132,138,88
2789,88,27,122,130,85
2790,89,27,117,124,81
2791,90,27,113,118,79
2792,91,27,102,109,75
2793,92,27,109,112,72
2794,93,27,125,126,81
2795,94,27,131,134,87
2796,95,27,124,130,88
2797,96,27,114,125,87
2798,97,27,115,121,84
2799,98,27,103,103,72
2800,99,27,91,96,83
2801,0,28,75,68,57
2802,1,28,90,89,66
2803,2,28,84,78,56
2804,3,28,71,69,54
2805,4,28,63,59,53
2806,5,28,70,68,53
2807,6,28,75,84,63
2808,7,28,76,86,65
2809,8,28,77,83,61
2810,9,28,74,78,58
2811,10,28,85,88,66
2812,11,28,82,85,61
2813,12,28,82,84,58
2814,13,28,85,87,60
2815,14,28,87,91,62
2816,15,28,90,92,61
2817,16,28,90,96,63
2818,17,28,91,96,65
2819,18,28,87,91,62
2820,19,28,79,83,55
2821,20,28,79,85,57
2822,21,28,75,82,56
2823,22,28,83,85,58
2824,23,28,81,80,57
2825,24,28,80,79,54
2826,25,28,79,77,50
2827,26,28,79,76,49
2828,27,28,73,72,53
2829,28,28,68,66,51
2830,29,28,63,58,46
2831,30,28,60,46,40
2832,31,28,64,40,35
2833,32,28,73,32,31
2834,33,28,78,30,27
2835,34,28,57,22,27
2836,35,28,48,20,29
2837,36,28,86,49,31
2838,37,28,164,116,53
2839,38,28,196,149,75
2840,39,28,205,159,80
2841,40,28,204,158,74
2842,41,28,188,141,63
2843,42,28,195,151,74
2844,43,28,199,156,79
2845,44,28,155,113,56
2846,45,28,134,93,45
2847,46,28,134,90,45
2848,47,28,176,131,65
2849,48,28,214,170,86
2850,49,28,210,164,79
2851,50,28,203,158,76
2852,51,28,190,146,68
2853,52,28,173,130,60
2854,53,28,151,110,50
2855,54,28,129,89,42
2856,55,28,112,72,38
2857,56,28,90,53,29
2858,57,28,64,33,24
2859,58,28,47,23,26
2860,59,28,43,22,29
2861,60,28,39,24,32
2862,61,28,38,25,34
2863,62,28,42,27,36
2864,63,28,36,22,33
2865,64,28,30,24,36
2866,65,28,31,24,37
2867,66,28,25,18,32
2868,67,28,34,24,34
2869,68,28,41,29,33
2870,69,28,45,47,42
2871,70,28,51,56,46
2872,71,28,57,61,47
2873,72,28,60,63,49
2874,73,28,62,66,51
2875,74,28,65,74,60
2876,75,28,63,76,62
2877,76,28,65,82,67
2878,77,28,63,83,66
2879,78,28,63,82,65
2880,79,28,63,82,65
2881,80,28,65,87,67
2882,81,28,71,92,73
2883,82,28,85,103,76
2884,83,28,98,115,81
2885,84,28,97,115,81
2886,85,28,94,113,80
2887,86,28,95,113,79
2888,87,28,99,113,75
2889,88,28,84,104,79
2890,89,28,98,109,75
2891,90,28,90,103,73
2892,91,28,76,89,70
2893,92,28,80,87,66
2894,93,28,87,97,74
2895,94,28,87,99,75
2896,95,28,77,91,71
2897,96,28,78,92,73
2898,97,28,85,96,75
2899,98,28,83,89,73
2900,99,28,88,93,84
2901,0,29,67,59,54
2902,1,29,81,77,60
2903,2,29,69,68,54
2904,3,29,58,59,49
2905,4,29,63,61,51
2906,5,29,62,59,49
2907,6,29,70,71,56
2908,7,29,81,89,65
2909,8,29,76,85,59
2910,9,29,73,82,58
2911,10,29,79,83,60
2912,11,29,89,89,63
2913,12,29,82,83,59
2914,13,29,85,84,57
2915,14,29,81,80,53
2916,15,29,75,78,54
2917,16,29,77,84,59
2918,17,29,89,95,68
2919,18,29,90,96,65
2920,19,29,79,81,54
2921,20,29,82,86,60
2922,21,29,77,83,60
2923,22,29,77,80,56
2924,23,29,84,81,57
2925,24,29,81,79,55
2926,25,29,78,76,53
2927,26,29,80,76,51
2928,27,29,70,70,52
2929,28,29,66,67,52
2930,29,29,63,61,47
2931,30,29,60,44,37
2932,31,29,64,43,37
2933,32,29,62,34,33
2934,33,29,56,22,26
2935,34,29,56,25,30
2936,35,29,52,24,31
2937,36,29,65,30,27
2938,37,29,135,86,41
2939,38,29,169,121,59
2940,39,29,182,134,63
2941,40,29,202,155,68
2942,41,29,215,170,78
2943,42,29,193,149,71
2944,43,29,142,96,44
2945,44,29,104,60,34
2946,45,29,99,59,34
2947,46,29,118,77,41
2948,47,29,171,128,62
2949,48,29,202,158,77
2950,49,29,190,148,67
2951,50,29,183,140,64
2952,51,29,174,133,63
2953,52,29,157,115,54
2954,53,29,141,100,46
2955,54,29,126,86,42
2956,55,29,110,70,37
2957,56,29,88,49,28
2958,57,29,65,34,24
2959,58,29,48,24,24
2960,59,29,40,22,27
2961,60,29,38,21,28
2962,61,29,41,27,33
2963,62,29,39,27,36
2964,63,29,33,23,33
2965,64,29,33,26,35
2966,65,29,30,24,36
2967,66,29,25,19,34
2968,67,29,33,25,35
2969,68,29,43,30,33
2970,69,29,47,44,38
2971,70,29,51,58,46
2972,71,29,55,62,47
2973,72,29,59,65,51
2974,73,29,61,68,53
2975,74,29,57,67,52
2976,75,29,58,69,57
2977,76,29,61,74,60
2978,77,29,60,75,59
2979,78,29,59,72,56
2980,79,29,62,74,58
2981,80,29,69,83,65
2982,81,29,66,81,63
2983,82,29,79,88,63
2984,83,29,72,85,62
2985,84,29,71,85,63
2986,85,29,74,87,65
2987,86,29,71,90,67
2988,87,29,81,97,70
2989,88,29,81,96,73
2990,89,29,95,105,75
2991,90,29,82,95,71
2992,91,29,83,93,70
2993,92,29,76,84,67
2994,93,29,77,84,67
2995,94,29,78,85,65
2996,95,29,74,79,60
2997,96,29,82,84,64
2998,97,29,89,95,74
2999,98,29,89,93,75
3000,99,29,104,103,94
3001,0,30,54,48,50
3002,1,30,59,54,48
3003,2,30,57,56,46
3004,3,30,59,59,50
3005,4,30,69,65,55
3006,5,30,62,58,50
3007,6,30,69,66,52
3008,7,30,81,86,65
3009,8,30,74,82,60
3010,9,30,77,84,61
3011,10,30,82,84,58
3012,11,30,86,84,58
3013,12,30,79,77,56
3014,13,30,89,81,54
3015,14,30,84,80,54
3016,15,30,77,76,56
3017,16,30,76,77,58
3018,17,30,84,89,63
3019,18,30,84,86,61
3020,19,30,78,79,56
3021,20,30,78,80,58
3022,21,30,79,80,59
3023,22,30,81,79,58
3024,23,30,89,83,58
3025,24,30,83,81,56
3026,25,30,76,74,51
3027,26,30,78,74,50
3028,27,30,72,70,50
3029,28,30,69,66,50
3030,29,30,70,67,49
3031,30,30,59,47,38
3032,31,30,56,36,37
3033,32,30,60,34,36
3034,33,30,64,29,31
3035,34,30,69,28,28
3036,35,30,62,27,32
3037,36,30,58,25,30
3038,37,30,114,69,37
3039,38,30,165,116,56
3040,39,30,172,125,58
3041,40,30,175,129,56
3042,41,30,187,141,63
3043,42,30,203,156,73
3044,43,30,181,134,59
3045,44,30,149,103,49
3046,45,30,141,97,47
3047,46,30,149,107,53
3048,47,30,151,108,53
3049,48,30,146,104,49
3050,49,30,161,119,53
3051,50,30,176,134,62
3052,51,30,172,132,65
3053,52,30,158,117,55
3054,53,30,142,100,46
3055,54,30,127,85,41
3056,55,30,111,73,39
3057,56,30,85,50,28
3058,57,30,61,32,23
3059,58,30,47,22,23
3060,59,30,40,19,26
3061,60,30,42,23,29
3062,61,30,39,23,30
3063,62,30,39,26,35
3064,63,30,36,24,33
3065,64,30,35,23,32
3066,65,30,29,21,34
3067,66,30,25,18,34
3068,67,30,32,24,37
3069,68,30,42,29,34
3070,69,30,52,43,39
3071,70,30,61,67,50
3072,71,30,60,69,51
3073,72,30,68,72,53
3074,73,30,65,74,56
3075,74,30,59,72,57
3076,75,30,63,74,60
3077,76,30,64,76,60
3078,77,30,64,75,58
3079,78,30,62,71,54
3080,79,30,66,75,57
3081,80,30,66,75,58
3082,81,30,66,77,58
3083,82,30,66,79,59
3084,83,30,64,78,60
3085,84,30,68,82,63
3086,85,30,72,89,66
3087,86,30,75,91,67
3088,87,30,86,98,70
3089,88,30,94,106,76
3090,89,30,92,102,73
3091,90,30,85,95,68
3092,91,30,89,96,69
3093,92,30,78,85,68
3094,93,30,78,82,66
3095,94,30,80,82,66
3096,95,30,79,78,62
3097,96,30,84,83,64
3098,97,30,90,92,73
3099,98,30,91,91,75
3100,99,30,98,99,90
3101,0,31,55,50,50
3102,1,31,60,55,45
3103,2,31,71,66,48
3104,3,31,63,62,52
3105,4,31,64,61,51
3106,5,31,67,64,52
3107,6,31,79,77,61
3108,7,31,82,86,64
3109,8,31,81,86,61
3110,9,31,80,82,58
3111,10,31,82,80,57
3112,11,31,82,76,55
3113,12,31,85,79,56
3114,13,31,92,84,55
3115,14,31,87,86,60
3116,15,31,84,85,60
3117,16,31,81,82,61
3118,17,31,81,82,61
3119,18,31,78,76,55
3120,19,31,78,76,55
3121,20,31,77,75,54
3122,21,31,81,78,57
3123,22,31,79,74,53
3124,23,31,79,71,51
3125,24,31,79,73,52
3126,25,31,78,73,49
3127,26,31,72,69,47
3128,27,31,67,69,48
3129,28,31,68,70,50
3130,29,31,69,70,49
3131,30,31,67,58,44
3132,31,31,68,45,39
3133,32,31,66,37,36
3134,33,31,77,37,34
3135,34,31,71,28,26
3136,35,31,64,25,32
3137,36,31,56,27,34
3138,37,31,73,38,29
3139,38,31,152,105,50
3140,39,31,182,136,64
3141,40,31,178,133,60
3142,41,31,182,138,64
3143,42,31,187,138,62
3144,43,31,188,135,59
3145,44,31,170,118,52
3146,45,31,150,102,47
3147,46,31,136,90,44
3148,47,31,139,94,43
3149,48,31,158,115,50
3150,49,31,179,135,62
3151,50,31,183,142,69
3152,51,31,173,132,64
3153,52,31,155,114,53
3154,53,31,136,93,43
3155,54,31,118,78,38
3156,55,31,100,63,36
3157,56,31,77,43,27
3158,57,31,60,31,25
3159,58,31,49,24,24
3160,59,31,42,21,28
3161,60,31,43,23,29
3162,61,31,45,27,31
3163,62,31,41,25,34
3164,63,31,38,23,33
3165,64,31,31,21,31
3166,65,31,26,17,32
3167,66,31,28,20,34
3168,67,31,36,27,37
3169,68,31,42,30,36
3170,69,31,46,37,36
3171,70,31,60,64,50
3172,71,31,66,72,53
3173,72,31,71,74,54
3174,73,31,69,76,54
3175,74,31,67,78,58
3176,75,31,66,77,61
3177,76,31,64,79,63
3178,77,31,63,78,62
3179,78,31,66,78,63
3180,79,31,68,80,62
3181,80,31,69,82,62
3182,81,31,70,83,63
3183,82,31,72,88,68
3184,83,31,74,89,68
3185,84,31,76,93,72
3186,85,31,83,100,77
3187,86,31,92,102,75
3188,87,31,92,103,73
3189,88,31,88,101,72
3190,89,31,85,96,72
3191,90,31,81,89,67
3192,91,31,76,85,65
3193,92,31,71,77,63
3194,93,31,76,77,62
3195,94,31,79,81,65
3196,95,31,79,80,62
3197,96,31,81,83,67
3198,97,31,84,88,74
3199,98,31,89,93,81
3200,99,31,93,96,89
3201,0,32,59,54,52
3202,1,32,64,57,46
3203,2,32,75,65,48
3204,3,32,62,59,49
3205,4,32,53,50,44
3206,5,32,75,73,58
3207,6,32,81,78,60
3208,7,32,80,78,57
3209,8,32,78,76,55
3210,9,32,80,76,55
3211,10,32,82,77,55
3212,11,32,86,79,56
3213,12,32,87,81,56
3214,13,32,85,80,56
3215,14,32,83,79,55
3216,15,32,82,79,55
3217,16,32,77,73,52
3218,17,32,75,71,51
3219,18,32,74,70,51
3220,19,32,72,71,52
3221,20,32,70,69,52
3222,21,32,72,72,53
3223,22,32,74,72,52
3224,23,32,73,72,55
3225,24,32,73,73,53
3226,25,32,76,76,52
3227,26,32,75,76,52
3228,27,32,78,79,53
3229,28,32,78,81,54
3230,29,32,80,80,55
3231,30,32,72,60,43
3232,31,32,73,53,41
3233,32,32,71,39,36
3234,33,32,72,30,31
3235,34,32,59,22,28
3236,35,32,58,21,29
3237,36,32,55,25,31
3238,37,32,48,20,29
3239,38,32,84,45,32
3240,39,32,146,99,50
3241,40,32,181,134,62
3242,41,32,202,158,78
3243,42,32,199,155,75
3244,43,32,179,133,58
3245,44,32,162,115,50
3246,45,32,154,110,50
3247,46,32,154,111,53
3248,47,32,158,116,55
3249,48,32,163,121,55
3250,49,32,166,125,60
3251,50,32,167,126,61
3252,51,32,154,113,52
3253,52,32,135,95,44
3254,53,32,116,75,37
3255,54,32,101,64,34
3256,55,32,88,54,34
3257,56,32,73,40,26
3258,57,32,58,29,24
3259,58,32,46,23,26
3260,59,32,43,24,32
3261,60,32,43,26,33
3262,61,32,41,26,32
3263,62,32,39,24,33
3264,63,32,35,22,31
3265,64,32,27,20,30
3266,65,32,23,16,28
3267,66,32,27,19,33
3268,67,32,35,25,36
3269,68,32,42,29,35
3270,69,32,57,42,38
3271,70,32,65,64,47
3272,71,32,73,78,55
3273,72,32,67,70,50
3274,73,32,69,74,52
3275,74,32,71,80,58
3276,75,32,71,82,62
3277,76,32,70,83,64
3278,77,32,70,84,66
3279,78,32,72,85,68
3280,79,32,70,83,67
3281,80,32,71,83,66
3282,81,32,72,84,66
3283,82,32,72,85,69
3284,83,32,72,85,68
3285,84,32,74,89,72
3286,85,32,74,90,74
3287,86,32,73,89,71
3288,87,32,72,82,63
3289,88,32,70,77,60
3290,89,32,72,80,63
3291,90,32,75,83,66
3292,91,32,71,83,67
3293,92,32,76,86,70
3294,93,32,82,86,70
3295,94,32,80,83,64
3296,95,32,77,81,65
3297,96,32,79,85,71
3298,97,32,86,96,79
3299,98,32,89,96,81
3300,99,32,93,96,89
3301,0,33,51,45,45
3302,1,33,56,49,45
3303,2,33,63,54,41
3304,3,33,67,59,45
3305,4,33,68,61,43
3306,5,33,69,64,50
3307,6,33,77,73,58
3308,7,33,76,72,56
3309,8,33,83,78,57
3310,9,33,82,77,53
3311,10,33,83,78,56
3312,11,33,85,80,55
3313,12,33,83,76,55
3314,13,33,80,73,51
3315,14,33,77,70,51
3316,15,33,79,71,50
3317,16,33,77,68,49
3318,17,33,77,71,51
3319,18,33,77,73,54
3320,19,33,75,74,56
3321,20,33,75,77,58
3322,21,33,75,80,60
3323,22,33,79,83,61
3324,23,33,79,84,61
3325,24,33,81,85,60
3326,25,33,81,85,57
3327,26,33,82,86,59
3328,27,33,86,88,59
3329,28,33,89,89,60
3330,29,33,94,93,63
3331,30,33,82,66,44
3332,31,33,82,57,41
3333,32,33,73,46,38
3334,33,33,58,27,33
3335,34,33,56,21,28
3336,35,33,59,24,29
3337,36,33,59,25,28
3338,37,33,60,27,30
3339,38,33,51,23,30
3340,39,33,65,34,30
3341,40,33,117,75,38
3342,41,33,174,128,60
3343,42,33,205,161,80
3344,43,33,214,171,83
3345,44,33,210,167,79
3346,45,33,198,156,74
3347,46,33,181,138,66
3348,47,33,169,126,59
3349,48,33,160,117,55
3350,49,33,155,114,53
3351,50,33,144,103,48
3352,51,33,125,85,40
3353,52,33,108,68,33
3354,53,33,97,59,30
3355,54,33,91,53,31
3356,55,33,82,49,32
3357,56,33,64,34,24
3358,57,33,49,24,24
3359,58,33,45,22,26
3360,59,33,41,22,30
3361,60,33,42,25,32
3362,61,33,39,24,31
3363,62,33,35,22,30
3364,63,33,33,21,30
3365,64,33,32,19,27
3366,65,33,27,18,29
3367,66,33,30,22,32
3368,67,33,36,26,36
3369,68,33,44,30,36
3370,69,33,57,40,34
3371,70,33,72,67,44
3372,71,33,78,84,56
3373,72,33,70,77,55
3374,73,33,71,75,53
3375,74,33,80,83,60
3376,75,33,81,90,63
3377,76,33,87,94,62
3378,77,33,87,92,59
3379,78,33,82,88,56
3380,79,33,70,80,57
3381,80,33,68,78,60
3382,81,33,65,79,63
3383,82,33,68,83,66
3384,83,33,68,83,66
3385,84,33,71,83,68
3386,85,33,70,82,67
3387,86,33,66,77,61
3388,87,33,69,77,58
3389,88,33,72,78,59
3390,89,33,74,82,64
3391,90,33,77,87,69
3392,91,33,75,86,69
3393,92,33,82,94,78
3394,93,33,86,93,77
3395,94,33,84,86,67
3396,95,33,76,80,66
3397,96,33,78,86,69
3398,97,33,84,93,74
3399,98,33,88,90,71
3400,99,33,83,84,77
3401,0,34,52,44,46
3402,1,34,53,45,47
3403,2,34,52,45,42
3404,3,34,64,57,43
3405,4,34,69,62,41
3406,5,34,61,54,44
3407,6,34,61,58,46
3408,7,34,61,59,48
3409,8,34,62,59,47
3410,9,34,70,68,50
3411,10,34,81,82,58
3412,11,34,83,83,59
3413,12,34,83,81,59
3414,13,34,76,70,53
3415,14,34,73,67,52
3416,15,34,76,70,49
3417,16,34,75,68,48
3418,17,34,75,68,50
3419,18,34,77,71,53
3420,19,34,73,70,50
3421,20,34,74,71,51
3422,21,34,78,78,59
3423,22,34,78,79,62
3424,23,34,77,77,58
3425,24,34,78,81,58
3426,25,34,79,83,61
3427,26,34,82,86,62
3428,27,34,84,86,60
3429,28,34,85,86,61
3430,29,34,96,96,65
3431,30,34,89,76,50
3432,31,34,84,57,41
3433,32,34,72,45,38
3434,33,34,65,34,35
3435,34,34,69,28,29
3436,35,34,72,29,26
3437,36,34,69,28,27
3438,37,34,70,28,28
3439,38,34,52,23,29
3440,39,34,51,26,32
3441,40,34,56,26,26
3442,41,34,91,55,33
3443,42,34,166,120,58
3444,43,34,206,160,73
3445,44,34,210,165,79
3446,45,34,195,150,70
3447,46,34,174,129,60
3448,47,34,158,115,54
3449,48,34,139,97,46
3450,49,34,122,80,39
3451,50,34,110,69,35
3452,51,34,99,60,32
3453,52,34,93,55,29
3454,53,34,90,54,30
3455,54,34,81,48,30
3456,55,34,67,38,30
3457,56,34,53,28,25
3458,57,34,46,25,26
3459,58,34,46,24,27
3460,59,34,41,20,25
3461,60,34,41,22,28
3462,61,34,38,21,28
3463,62,34,40,26,32
3464,63,34,37,24,30
3465,64,34,36,21,26
3466,65,34,30,18,29
3467,66,34,33,25,35
3468,67,34,36,25,34
3469,68,34,41,26,34
3470,69,34,54,35,34
3471,70,34,59,54,41
3472,71,34,74,83,59
3473,72,34,76,86,62
3474,73,34,80,85,60
3475,74,34,86,86,57
3476,75,34,95,99,64
3477,76,34,94,99,62
3478,77,34,88,94,61
3479,78,34,81,91,64
3480,79,34,71,82,61
3481,80,34,77,85,62
3482,81,34,75,85,66
3483,82,34,70,83,66
3484,83,34,69,89,73
3485,84,34,71,91,75
3486,85,34,70,90,72
3487,86,34,68,84,67
3488,87,34,68,81,62
3489,88,34,69,82,62
3490,89,34,75,88,68
3491,90,34,77,90,72
3492,91,34,74,84,70
3493,92,34,78,87,73
3494,93,34,77,84,71
3495,94,34,74,80,69
3496,95,34,73,77,65
3497,96,34,82,83,69
3498,97,34,90,91,77
3499,98,34,90,88,71
3500,99,34,74,72,70
3501,0,35,46,41,47
3502,1,35,52,44,48
3503,2,35,53,47,46
3504,3,35,61,57,45
3505,4,35,67,61,43
3506,5,35,67,64,43
3507,6,35,65,65,45
3508,7,35,67,65,46
3509,8,35,54,51,42
3510,9,35,63,60,49
3511,10,35,77,78,57
3512,11,35,81,83,61
3513,12,35,78,79,57
3514,13,35,79,79,56
3515,14,35,74,75,54
3516,15,35,74,73,51
3517,16,35,69,68,49
3518,17,35,65,64,47
3519,18,35,70,69,50
3520,19,35,68,68,48
3521,20,35,70,69,51
3522,21,35,77,75,54
3523,22,35,75,75,57
3524,23,35,74,75,59
3525,24,35,80,84,65
3526,25,35,80,87,65
3527,26,35,87,93,69
3528,27,35,95,101,71
3529,28,35,102,105,74
3530,29,35,106,111,76
3531,30,35,98,96,67
3532,31,35,71,53,40
3533,32,35,68,39,36
3534,33,35,75,37,33
3535,34,35,63,27,30
3536,35,35,57,23,26
3537,36,35,57,22,25
3538,37,35,56,23,28
3539,38,35,43,16,26
3540,39,35,46,22,29
3541,40,35,48,22,26
3542,41,35,49,25,29
3543,42,35,72,41,36
3544,43,35,110,73,43
3545,44,35,130,89,43
3546,45,35,124,83,40
3547,46,35,119,76,39
3548,47,35,109,70,38
3549,48,35,98,62,35
3550,49,35,92,56,31
3551,50,35,90,54,31
3552,51,35,86,52,33
3553,52,35,77,46,31
3554,53,35,66,38,29
3555,54,35,60,36,30
3556,55,35,63,39,33
3557,56,35,64,39,30
3558,57,35,56,31,26
3559,58,35,47,25,24
3560,59,35,43,22,24
3561,60,35,42,22,26
3562,61,35,38,22,28
3563,62,35,37,23,30
3564,63,35,40,27,33
3565,64,35,33,22,28
3566,65,35,28,18,29
3567,66,35,28,21,32
3568,67,35,36,26,35
3569,68,35,35,24,31
3570,69,35,43,31,33
3571,70,35,47,48,43
3572,71,35,66,78,59
3573,72,35,69,80,58
3574,73,35,71,76,55
3575,74,35,68,73,55
3576,75,35,67,84,63
3577,76,35,72,88,66
3578,77,35,76,92,69
3579,78,35,70,86,65
3580,79,35,67,81,62
3581,80,35,74,84,62
3582,81,35,75,82,61
3583,82,35,71,77,57
3584,83,35,74,82,61
3585,84,35,70,79,61
3586,85,35,77,84,65
3587,86,35,71,77,60
3588,87,35,63,72,55
3589,88,35,67,75,59
3590,89,35,75,83,66
3591,90,35,79,90,71
3592,91,35,77,89,73
3593,92,35,89,101,83
3594,93,35,91,101,81
3595,94,35,83,92,77
3596,95,35,77,84,72
3597,96,35,85,89,76
3598,97,35,89,92,76
3599,98,35,91,90,74
3600,99,35,78,82,73
3601,0,36,46,40,47
3602,1,36,53,44,47
3603,2,36,58,51,46
3604,3,36,60,56,45
3605,4,36,66,62,44
3606,5,36,72,71,46
3607,6,36,57,61,44
3608,7,36,50,56,46
3609,8,36,65,63,50
3610,9,36,66,59,46
3611,10,36,72,66,50
3612,11,36,84,82,60
3613,12,36,81,81,59
3614,13,36,78,80,61
3615,14,36,76,79,61
3616,15,36,75,80,60
3617,16,36,73,75,56
3618,17,36,71,75,56
3619,18,36,72,77,57
3620,19,36,78,82,60
3621,20,36,80,85,63
3622,21,36,88,90,63
3623,22,36,87,91,65
3624,23,36,83,91,70
3625,24,36,90,97,70
3626,25,36,96,100,71
3627,26,36,95,102,74
3628,27,36,102,111,77
3629,28,36,107,115,82
3630,29,36,109,116,80
3631,30,36,106,109,75
3632,31,36,76,64,46
3633,32,36,70,43,38
3634,33,36,60,28,31
3635,34,36,58,25,31
3636,35,36,54,22,27
3637,36,36,57,23,25
3638,37,36,52,21,26
3639,38,36,45,18,27
3640,39,36,42,16,26
3641,40,36,45,22,26
3642,41,36,46,24,26
3643,42,36,49,28,30
3644,43,36,51,29,32
3645,44,36,66,38,31
3646,45,36,83,49,31
3647,46,36,83,49,32
3648,47,36,80,48,33
3649,48,36,77,48,34
3650,49,36,75,47,34
3651,50,36,71,43,33
3652,51,36,66,40,32
3653,52,36,63,39,31
3654,53,36,67,41,31
3655,54,36,72,45,31
3656,55,36,75,46,33
3657,56,36,74,46,31
3658,57,36,72,44,27
3659,58,36,70,43,28
3660,59,36,61,33,26
3661,60,36,46,23,24
3662,61,36,40,21,27
3663,62,36,40,20,26
3664,63,36,35,21,29
3665,64,36,30,21,29
3666,65,36,27,20,30
3667,66,36,30,21,31
3668,67,36,35,24,31
3669,68,36,33,22,29
3670,69,36,34,25,32
3671,70,36,34,39,39
3672,71,36,54,64,52
3673,72,36,63,72,55
3674,73,36,63,70,53
3675,74,36,65,73,56
3676,75,36,66,80,64
3677,76,36,67,83,63
3678,77,36,71,86,64
3679,78,36,72,84,61
3680,79,36,65,78,57
3681,80,36,66,75,57
3682,81,36,67,72,55
3683,82,36,70,73,56
3684,83,36,72,74,56
3685,84,36,72,75,59
3686,85,36,68,70,56
3687,86,36,67,69,54
3688,87,36,65,67,53
3689,88,36,65,67,55
3690,89,36,70,73,59
3691,90,36,70,81,66
3692,91,36,74,90,73
3693,92,36,80,91,69
3694,93,36,84,91,70
3695,94,36,80,92,72
3696,95,36,86,98,76
3697,96,36,85,98,82
3698,97,36,87,97,84
3699,98,36,84,84,70
3700,99,36,71,72,67
3701,0,37,48,41,50
3702,1,37,50,43,48
3703,2,37,56,52,52
3704,3,37,56,52,45
3705,4,37,58,56,45
3706,5,37,58,59,46
3707,6,37,46,48,43
3708,7,37,48,53,46
3709,8,37,75,73,56
3710,9,37,69,65,50
3711,10,37,62,60,50
3712,11,37,75,71,54
3713,12,37,82,83,65
3714,13,37,78,84,71
3715,14,37,77,86,72
3716,15,37,75,85,71
3717,16,37,75,83,69
3718,17,37,79,89,72
3719,18,37,81,92,75
3720,19,37,83,94,75
3721,20,37,84,94,76
3722,21,37,87,101,81
3723,22,37,88,101,80
3724,23,37,96,106,80
3725,24,37,101,114,91
3726,25,37,109,117,88
3727,26,37,111,116,84
3728,27,37,107,115,85
3729,28,37,103,108,79
3730,29,37,102,109,79
3731,30,37,101,107,77
3732,31,37,89,87,63
3733,32,37,70,52,44
3734,33,37,55,32,36
3735,34,37,57,29,35
3736,35,37,62,28,31
3737,36,37,60,25,28
3738,37,37,57,22,28
3739,38,37,56,26,29
3740,39,37,49,22,27
3741,40,37,48,24,26
3742,41,37,50,28,29
3743,42,37,50,29,30
3744,43,37,52,30,29
3745,44,37,71,44,32
3746,45,37,129,92,45
3747,46,37,121,84,42
3748,47,37,108,75,43
3749,48,37,97,67,42
3750,49,37,87,57,36
3751,50,37,82,51,33
3752,51,37,82,51,32
3753,52,37,84,54,33
3754,53,37,89,56,33
3755,54,37,92,60,33
3756,55,37,97,66,35
3757,56,37,101,70,36
3758,57,37,100,69,34
3759,58,37,92,60,31
3760,59,37,73,42,25
3761,60,37,55,26,21
3762,61,37,47,23,24
3763,62,37,45,21,25
3764,63,37,32,17,24
3765,64,37,35,20,28
3766,65,37,33,20,29
3767,66,37,31,21,29
3768,67,37,40,25,31
3769,68,37,34,22,29
3770,69,37,35,23,30
3771,70,37,44,40,37
3772,71,37,61,68,49
3773,72,37,65,73,49
3774,73,37,67,80,52
3775,74,37,65,79,58
3776,75,37,65,80,62
3777,76,37,70,82,59
3778,77,37,77,82,56
3779,78,37,80,86,56
3780,79,37,72,81,52
3781,80,37,75,79,55
3782,81,37,67,73,54
3783,82,37,69,76,57
3784,83,37,71,78,59
3785,84,37,70,76,57
3786,85,37,66,70,55
3787,86,37,65,68,55
3788,87,37,67,70,56
3789,88,37,72,75,60
3790,89,37,74,77,63
3791,90,37,67,73,60
3792,91,37,73,78,62
3793,92,37,80,79,59
3794,93,37,76,77,63
3795,94,37,71,76,65
3796,95,37,79,90,76
3797,96,37,88,100,84
3798,97,37,98,103,85
3799,98,37,103,93,65
3800,99,37,82,75,68
3801,0,38,55,44,51
3802,1,38,53,44,50
3803,2,38,56,52,54
3804,3,38,59,55,49
3805,4,38,59,57,47
3806,5,38,62,62,48
3807,6,38,55,55,47
3808,7,38,49,50,44
3809,8,38,59,58,47
3810,9,38,58,58,46
3811,10,38,66,65,53
3812,11,38,78,77,58
3813,12,38,81,79,57
3814,13,38,79,82,65
3815,14,38,85,92,73
3816,15,38,89,97,74
3817,16,38,88,95,73
3818,17,38,92,97,73
3819,18,38,95,102,78
3820,19,38,95,104,81
3821,20,38,96,106,82
3822,21,38,97,109,87
3823,22,38,97,110,90
3824,23,38,95,100,76
3825,24,38,101,108,85
3826,25,38,99,109,86
3827,26,38,102,113,86
3828,27,38,102,110,81
3829,28,38,103,107,77
3830,29,38,105,107,75
3831,30,38,102,104,71
3832,31,38,95,97,70
3833,32,38,77,67,51
3834,33,38,59,32,35
3835,34,38,62,28,32
3836,35,38,71,34,33
3837,36,38,62,29,31
3838,37,38,65,27,28
3839,38,38,56,24,27
3840,39,38,46,24,27
3841,40,38,52,31,28
3842,41,38,52,31,28
3843,42,38,54,32,32
3844,43,38,55,33,28
3845,44,38,68,42,33
3846,45,38,136,102,53
3847,46,38,160,126,63
3848,47,38,147,113,55
3849,48,38,134,100,49
3850,49,38,120,85,40
3851,50,38,112,77,35
3852,51,38,109,73,36
3853,52,38,108,74,36
3854,53,38,109,74,35
3855,54,38,113,78,35
3856,55,38,122,88,40
3857,56,38,127,94,42
3858,57,38,122,88,37
3859,58,38,110,74,32
3860,59,38,88,51,26
3861,60,38,68,34,22
3862,61,38,54,24,21
3863,62,38,49,22,23
3864,63,38,38,19,26
3865,64,38,34,18,25
3866,65,38,33,18,27
3867,66,38,35,20,27
3868,67,38,44,26,28
3869,68,38,35,22,29
3870,69,38,31,20,29
3871,70,38,37,28,32
3872,71,38,56,59,45
3873,72,38,67,74,53
3874,73,38,76,84,59
3875,74,38,79,90,63
3876,75,38,90,99,65
3877,76,38,101,104,63
3878,77,38,90,95,60
3879,78,38,81,90,63
3880,79,38,87,96,65
3881,80,38,88,97,65
3882,81,38,75,89,64
3883,82,38,82,93,67
3884,83,38,86,97,68
3885,84,38,82,93,69
3886,85,38,85,94,72
3887,86,38,85,94,68
3888,87,38,93,96,67
3889,88,38,100,99,62
3890,89,38,105,105,65
3891,90,38,109,105,65
3892,91,38,102,99,65
3893,92,38,92,87,59
3894,93,38,80,82,63
3895,94,38,84,86,72
3896,95,38,92,96,81
3897,96,38,97,99,78
3898,97,38,114,106,73
3899,98,38,117,102,66
3900,99,38,87,80,68
3901,0,39,52,46,55
3902,1,39,52,47,49
3903,2,39,66,63,58
3904,3,39,73,72,59
3905,4,39,67,68,54
3906,5,39,71,72,58
3907,6,39,72,75,62
3908,7,39,67,68,56
3909,8,39,70,71,56
3910,9,39,79,79,62
3911,10,39,82,85,64
3912,11,39,81,85,64
3913,12,39,82,84,61
3914,13,39,86,92,69
3915,14,39,93,98,72
3916,15,39,93,91,63
3917,16,39,92,93,66
3918,17,39,92,94,67
3919,18,39,95,98,70
3920,19,39,90,90,64
3921,20,39,90,92,69
3922,21,39,96,101,76
3923,22,39,99,113,89
3924,23,39,97,102,77
3925,24,39,97,104,80
3926,25,39,94,106,83
3927,26,39,99,110,87
3928,27,39,98,108,81
3929,28,39,97,102,75
3930,29,39,101,107,77
3931,30,39,91,92,60
3932,31,39,87,90,60
3933,32,39,73,65,50
3934,33,39,65,33,35
3935,34,39,64,30,33
3936,35,39,59,29,31
3937,36,39,61,30,32
3938,37,39,60,27,28
3939,38,39,55,25,27
3940,39,39,51,27,28
3941,40,39,52,32,28
3942,41,39,53,32,29
3943,42,39,56,35,31
3944,43,39,62,39,30
3945,44,39,68,42,30
3946,45,39,118,86,45
3947,46,39,174,139,72
3948,47,39,171,136,67
3949,48,39,163,128,60
3950,49,39,154,119,54
3951,50,39,142,106,45
3952,51,39,137,100,44
3953,52,39,136,99,43
3954,53,39,136,100,42
3955,54,39,138,102,43
3956,55,39,146,110,48
3957,56,39,149,113,50
3958,57,39,144,109,43
3959,58,39,134,97,38
3960,59,39,114,74,29
3961,60,39,82,43,21
3962,61,39,67,33,23
3963,62,39,54,24,21
3964,63,39,43,22,24
3965,64,39,38,20,25
3966,65,39,42,23,29
3967,66,39,45,26,27
3968,67,39,59,33,24
3969,68,39,42,25,28
3970,69,39,27,19,30
3971,70,39,24,14,26
3972,71,39,39,32,31
3973,72,39,57,57,41
3974,73,39,63,64,46
3975,74,39,69,72,46
3976,75,39,81,81,47
3977,76,39,79,81,49
3978,77,39,75,80,53
3979,78,39,83,90,59
3980,79,39,86,98,70
3981,80,39,92,105,76
3982,81,39,103,111,75
3983,82,39,106,113,75
3984,83,39,100,108,73
3985,84,39,93,100,68
3986,85,39,117,113,62
3987,86,39,126,115,61
3988,87,39,126,114,63
3989,88,39,127,114,63
3990,89,39,128,113,63
3991,90,39,123,108,61
3992,91,39,105,96,64
3993,92,39,108,98,62
3994,93,39,105,99,64
3995,94,39,98,92,68
3996,95,39,99,94,72
3997,96,39,95,90,68
3998,97,39,118,106,67
3999,98,39,110,97,66
4000,99,39,94,85,70
4001,0,40,54,51,56
4002,1,40,58,58,53
4003,2,40,70,70,60
4004,3,40,76,76,64
4005,4,40,79,84,67
4006,5,40,77,85,70
4007,6,40,75,87,75
4008,7,40,75,89,76
4009,8,40,79,91,75
4010,9,40,83,96,77
4011,10,40,84,98,81
4012,11,40,86,99,82
4013,12,40,98,105,82
4014,13,40,104,102,69
4015,14,40,112,100,55
4016,15,40,104,87,45
4017,16,40,101,85,47
4018,17,40,83,71,46
4019,18,40,85,76,50
4020,19,40,85,68,40
4021,20,40,90,75,43
4022,21,40,76,63,41
4023,22,40,84,82,63
4024,23,40,93,85,66
4025,24,40,102,91,60
4026,25,40,98,89,51
4027,26,40,89,79,51
4028,27,40,96,93,65
4029,28,40,90,84,56
4030,29,40,82,75,50
4031,30,40,78,74,40
4032,31,40,77,68,38
4033,32,40,61,48,40
4034,33,40,52,32,36
4035,34,40,56,29,34
4036,35,40,51,22,30
4037,36,40,50,21,27
4038,37,40,54,23,29
4039,38,40,53,24,29
4040,39,40,54,28,30
4041,40,40,55,31,27
4042,41,40,59,36,31
4043,42,40,69,42,33
4044,43,40,83,53,33
4045,44,40,106,74,39
4046,45,40,135,101,47
4047,46,40,164,129,61
4048,47,40,176,140,67
4049,48,40,180,144,70
4050,49,40,174,137,65
4051,50,40,167,130,59
4052,51,40,163,126,56
4053,52,40,159,123,51
4054,53,40,162,126,54
4055,54,40,166,130,56
4056,55,40,168,132,59
4057,56,40,169,132,58
4058,57,40,167,130,52
4059,58,40,152,113,42
4060,59,40,139,97,34
4061,60,40,103,60,25
4062,61,40,71,37,23
4063,62,40,68,33,26
4064,63,40,59,29,27
4065,64,40,60,31,26
4066,65,40,63,34,30
4067,66,40,56,32,29
4068,67,40,80,48,28
4069,68,40,45,25,26
4070,69,40,31,19,29
4071,70,40,27,17,29
4072,71,40,27,18,28
4073,72,40,39,28,29
4074,73,40,37,31,28
4075,74,40,47,41,31
4076,75,40,53,53,35
4077,76,40,55,60,33
4078,77,40,58,55,33
4079,78,40,54,52,34
4080,79,40,83,80,45
4081,80,40,86,87,54
4082,81,40,75,78,47
4083,82,40,59,57,41
4084,83,40,66,67,47
4085,84,40,106,100,54
4086,85,40,140,122,49
4087,86,40,154,129,48
4088,87,40,138,117,58
4089,88,40,124,110,60
4090,89,40,121,107,63
4091,90,40,100,95,58
4092,91,40,108,100,57
4093,92,40,123,110,57
4094,93,40,109,98,60
4095,94,40,97,87,66
4096,95,40,91,82,68
4097,96,40,87,79,67
4098,97,40,95,86,67
4099,98,40,102,90,71
4100,99,40,95,85,72
4101,0,41,78,63,54
4102,1,41,74,65,53
4103,2,41,75,74,62
4104,3,41,80,84,70
4105,4,41,80,90,76
4106,5,41,80,90,77
4107,6,41,75,89,80
4108,7,41,73,91,84
4109,8,41,72,89,79
4110,9,41,81,98,85
4111,10,41,86,103,88
4112,11,41,87,96,75
4113,12,41,97,94,61
4114,13,41,109,95,47
4115,14,41,116,97,49
4116,15,41,107,86,43
4117,16,41,99,78,41
4118,17,41,93,71,39
4119,18,41,93,74,39
4120,19,41,96,78,43
4121,20,41,108,91,46
4122,21,41,81,65,39
4123,22,41,57,38,34
4124,23,41,71,50,42
4125,24,41,68,55,40
4126,25,41,75,62,38
4127,26,41,68,54,36
4128,27,41,73,56,38
4129,28,41,71,61,38
4130,29,41,56,41,32
4131,30,41,59,46,32
4132,31,41,69,56,34
4133,32,41,51,35,36
4134,33,41,49,30,37
4135,34,41,53,25,32
4136,35,41,54,24,31
4137,36,41,51,23,28
4138,37,41,55,25,29
4139,38,41,55,29,31
4140,39,41,64,37,33
4141,40,41,70,41,31
4142,41,41,90,59,37
4143,42,41,117,83,42
4144,43,41,145,110,50
4145,44,41,173,138,66
4146,45,41,185,149,76
4147,46,41,182,147,73
4148,47,41,190,153,72
4149,48,41,190,153,69
4150,49,41,184,148,69
4151,50,41,184,148,71
4152,51,41,184,148,70
4153,52,41,182,147,66
4154,53,41,187,152,71
4155,54,41,189,153,72
4156,55,41,188,151,69
4157,56,41,185,148,67
4158,57,41,187,149,63
4159,58,41,174,134,54
4160,59,41,162,119,46
4161,60,41,126,80,31
4162,61,41,91,49,25
4163,62,41,73,37,28
4164,63,41,74,36,29
4165,64,41,76,40,29
4166,65,41,85,48,32
4167,66,41,66,40,31
4168,67,41,77,46,33
4169,68,41,48,26,29
4170,69,41,39,24,34
4171,70,41,36,23,34
4172,71,41,38,24,34
4173,72,41,33,20,29
4174,73,41,44,33,33
4175,74,41,53,46,36
4176,75,41,54,49,35
4177,76,41,55,50,34
4178,77,41,58,52,34
4179,78,41,60,58,39
4180,79,41,68,64,39
4181,80,41,60,59,39
4182,81,41,64,66,43
4183,82,41,59,58,40
4184,83,41,67,65,44
4185,84,41,90,82,47
4186,85,41,127,112,53
4187,86,41,151,129,57
4188,87,41,140,121,62
4189,88,41,121,106,58
4190,89,41,107,95,53
4191,90,41,109,102,58
4192,91,41,114,103,58
4193,92,41,126,114,63
4194,93,41,116,104,65
4195,94,41,98,90,69
4196,95,41,83,79,70
4197,96,41,82,76,68
4198,97,41,103,91,69
4199,98,41,112,98,70
4200,99,41,96,86,73
4201,0,42,98,67,52
4202,1,42,97,66,48
4203,2,42,77,65,54
4204,3,42,74,74,61
4205,4,42,76,84,72
4206,5,42,83,92,77
4207,6,42,80,93,81
4208,7,42,74,83,72
4209,8,42,74,75,60
4210,9,42,83,83,61
4211,10,42,88,87,66
4212,11,42,105,89,51
4213,12,42,116,93,42
4214,13,42,115,92,42
4215,14,42,104,78,37
4216,15,42,95,67,35
4217,16,42,88,62,34
4218,17,42,99,75,38
4219,18,42,102,81,41
4220,19,42,92,72,41
4221,20,42,99,81,43
4222,21,42,84,67,39
4223,22,42,55,39,34
4224,23,42,66,48,35
4225,24,42,56,41,31
4226,25,42,57,42,34
4227,26,42,59,45,35
4228,27,42,66,51,36
4229,28,42,77,64,39
4230,29,42,64,49,36
4231,30,42,52,38,35
4232,31,42,49,34,34
4233,32,42,42,29,37
4234,33,42,49,26,35
4235,34,42,56,23,31
4236,35,42,56,26,29
4237,36,42,63,30,29
4238,37,42,62,33,32
4239,38,42,71,39,29
4240,39,42,94,58,32
4241,40,42,129,91,40
4242,41,42,156,118,52
4243,42,42,170,133,59
4244,43,42,189,152,69
4245,44,42,199,163,82
4246,45,42,207,172,92
4247,46,42,207,170,83
4248,47,42,205,167,76
4249,48,42,206,166,75
4250,49,42,199,161,72
4251,50,42,198,161,74
4252,51,42,200,163,76
4253,52,42,203,168,81
4254,53,42,206,171,85
4255,54,42,206,170,84
4256,55,42,205,169,82
4257,56,42,198,162,74
4258,57,42,197,160,70
4259,58,42,189,152,63
4260,59,42,176,137,56
4261,60,42,144,98,35
4262,61,42,109,63,29
4263,62,42,78,42,28
4264,63,42,77,38,26
4265,64,42,81,46,29
4266,65,42,101,63,32
4267,66,42,76,47,29
4268,67,42,77,48,31
4269,68,42,51,27,28
4270,69,42,49,29,33
4271,70,42,44,25,33
4272,71,42,44,26,34
4273,72,42,40,22,30
4274,73,42,47,28,31
4275,74,42,61,48,39
4276,75,42,69,61,44
4277,76,42,73,67,47
4278,77,42,82,76,48
4279,78,42,94,90,56
4280,79,42,109,106,66
4281,80,42,112,112,69
4282,81,42,115,117,71
4283,82,42,119,118,66
4284,83,42,128,121,66
4285,84,42,141,124,63
4286,85,42,152,131,64
4287,86,42,150,132,66
4288,87,42,129,116,62
4289,88,42,108,95,54
4290,89,42,107,97,56
4291,90,42,103,96,56
4292,91,42,111,101,60
4293,92,42,116,106,63
4294,93,42,104,96,66
4295,94,42,92,85,67
4296,95,42,83,79,68
4297,96,42,89,82,68
4298,97,42,108,96,66
4299,98,42,109,96,67
4300,99,42,86,79,71
4301,0,43,97,66,53
4302,1,43,103,61,45
4303,2,43,106,64,48
4304,3,43,98,64,50
4305,4,43,92,67,52
4306,5,43,89,75,58
4307,6,43,85,80,63
4308,7,43,77,70,55
4309,8,43,72,62,46
4310,9,43,91,78,50
4311,10,43,100,79,45
4312,11,43,119,89,44
4313,12,43,116,84,41
4314,13,43,110,82,42
4315,14,43,102,76,38
4316,15,43,101,73,36
4317,16,43,97,70,34
4318,17,43,109,83,38
4319,18,43,110,88,42
4320,19,43,109,86,42
4321,20,43,98,75,40
4322,21,43,73,54,36
4323,22,43,58,39,33
4324,23,43,67,48,34
4325,24,43,77,58,37
4326,25,43,49,36,33
4327,26,43,47,33,33
4328,27,43,67,50,37
4329,28,43,80,63,39
4330,29,43,57,44,35
4331,30,43,53,36,34
4332,31,43,40,24,35
4333,32,43,40,26,37
4334,33,43,48,26,34
4335,34,43,54,25,32
4336,35,43,59,28,31
4337,36,43,66,33,31
4338,37,43,77,40,32
4339,38,43,115,70,31
4340,39,43,162,118,46
4341,40,43,186,147,62
4342,41,43,195,159,74
4343,42,43,206,170,84
4344,43,43,213,177,88
4345,44,43,211,177,93
4346,45,43,214,180,94
4347,46,43,219,183,92
4348,47,43,216,179,89
4349,48,43,217,179,85
4350,49,43,213,175,82
4351,50,43,213,177,84
4352,51,43,214,178,87
4353,52,43,216,181,91
4354,53,43,220,184,96
4355,54,43,217,180,89
4356,55,43,213,176,84
4357,56,43,207,169,79
4358,57,43,200,162,70
4359,58,43,190,149,60
4360,59,43,174,130,51
4361,60,43,133,87,33
4362,61,43,96,52,28
4363,62,43,88,46,27
4364,63,43,87,43,26
4365,64,43,106,62,30
4366,65,43,104,64,31
4367,66,43,83,50,27
4368,67,43,69,40,28
4369,68,43,48,27,30
4370,69,43,52,29,31
4371,70,43,53,27,30
4372,71,43,51,29,32
4373,72,43,47,25,31
4374,73,43,47,23,29
4375,74,43,45,26,31
4376,75,43,61,47,35
4377,76,43,72,64,39
4378,77,43,81,70,40
4379,78,43,91,83,44
4380,79,43,113,106,52
4381,80,43,146,136,73
4382,81,43,156,144,75
4383,82,43,159,139,70
4384,83,43,154,132,66
4385,84,43,139,116,56
4386,85,43,131,115,59
4387,86,43,134,117,58
4388,87,43,118,106,57
4389,88,43,121,109,59
4390,89,43,120,108,57
4391,90,43,111,100,56
4392,91,43,104,96,60
4393,92,43,104,97,66
4394,93,43,95,88,67
4395,94,43,100,93,69
4396,95,43,102,96,70
4397,96,43,102,94,68
4398,97,43,97,85,63
4399,98,43,105,91,68
4400,99,43,88,82,75
4401,0,44,95,66,52
4402,1,44,107,72,46
4403,2,44,113,70,46
4404,3,44,117,71,45
4405,4,44,116,69,46
4406,5,44,99,59,40
4407,6,44,96,60,39
4408,7,44,84,57,42
4409,8,44,78,59,46
4410,9,44,100,78,48
4411,10,44,117,84,44
4412,11,44,119,83,43
4413,12,44,114,80,42
4414,13,44,116,87,44
4415,14,44,111,82,40
4416,15,44,118,90,43
4417,16,44,121,93,43
4418,17,44,127,101,43
4419,18,44,116,91,42
4420,19,44,107,77,38
4421,20,44,93,68,37
4422,21,44,73,50,35
4423,22,44,69,47,34
4424,23,44,78,57,34
4425,24,44,86,65,36
4426,25,44,59,42,32
4427,26,44,45,32,31
4428,27,44,65,49,35
4429,28,44,78,58,37
4430,29,44,72,48,31
4431,30,44,58,36,31
4432,31,44,37,23,35
4433,32,44,42,27,38
4434,33,44,48,25,32
4435,34,44,54,28,35
4436,35,44,60,30,33
4437,36,44,85,44,30
4438,37,44,105,55,26
4439,38,44,160,113,44
4440,39,44,197,157,69
4441,40,44,207,170,85
4442,41,44,212,177,90
4443,42,44,220,184,96
4444,43,44,223,188,97
4445,44,44,225,191,100
4446,45,44,224,189,93
4447,46,44,230,193,99
4448,47,44,226,191,100
4449,48,44,226,188,94
4450,49,44,222,182,84
4451,50,44,220,182,87
4452,51,44,220,185,93
4453,52,44,221,187,96
4454,53,44,224,189,99
4455,54,44,220,183,92
4456,55,44,217,179,85
4457,56,44,212,173,81
4458,57,44,201,162,68
4459,58,44,192,151,58
4460,59,44,183,139,51
4461,60,44,137,89,31
4462,61,44,109,61,27
4463,62,44,106,57,26
4464,63,44,89,44,26
4465,64,44,97,56,28
4466,65,44,96,59,30
4467,66,44,74,42,27
4468,67,44,54,31,28
4469,68,44,40,22,28
4470,69,44,50,28,28
4471,70,44,57,30,29
4472,71,44,53,26,27
4473,72,44,57,31,31
4474,73,44,56,27,31
4475,74,44,48,24,31
4476,75,44,48,25,30
4477,76,44,55,39,34
4478,77,44,67,54,35
4479,78,44,69,60,32
4480,79,44,83,75,36
4481,80,44,128,109,51
4482,81,44,140,130,69
4483,82,44,138,131,70
4484,83,44,146,136,74
4485,84,44,142,130,71
4486,85,44,137,124,66
4487,86,44,139,123,60
4488,87,44,140,122,60
4489,88,44,136,117,57
4490,89,44,130,112,56
4491,90,44,122,108,57
4492,91,44,120,106,62
4493,92,44,133,117,67
4494,93,44,134,119,70
4495,94,44,123,110,70
4496,95,44,122,108,72
4497,96,44,105,92,68
4498,97,44,101,87,66
4499,98,44,101,87,64
4500,99,44,96,87,77
4501,0,45,98,69,52
4502,1,45,114,81,49
4503,2,45,105,69,48
4504,3,45,109,70,47
4505,4,45,113,68,43
4506,5,45,103,69,43
4507,6,45,108,74,41
4508,7,45,113,74,44
4509,8,45,98,64,40
4510,9,45,110,78,45
4511,10,45,128,94,47
4512,11,45,120,88,43
4513,12,45,122,93,45
4514,13,45,122,95,45
4515,14,45,112,87,43
4516,15,45,123,97,42
4517,16,45,124,92,40
4518,17,45,124,92,38
4519,18,45,112,80,36
4520,19,45,98,64,33
4521,20,45,97,67,35
4522,21,45,91,60,34
4523,22,45,86,58,34
4524,23,45,82,59,35
4525,24,45,89,65,34
4526,25,45,83,58,36
4527,26,45,65,46,32
4528,27,45,79,55,33
4529,28,45,89,60,35
4530,29,45,77,47,28
4531,30,45,49,30,33
4532,31,45,37,22,34
4533,32,45,44,25,34
4534,33,45,51,26,34
4535,34,45,65,31,34
4536,35,45,87,44,33
4537,36,45,107,56,27
4538,37,45,144,91,33
4539,38,45,188,144,60
4540,39,45,211,174,84
4541,40,45,218,181,91
4542,41,45,220,184,92
4543,42,45,224,190,100
4544,43,45,229,195,104
4545,44,45,232,197,104
4546,45,45,230,195,99
4547,46,45,227,190,94
4548,47,45,226,190,93
4549,48,45,225,189,92
4550,49,45,223,184,83
4551,50,45,226,189,91
4552,51,45,226,191,95
4553,52,45,228,193,101
4554,53,45,226,191,102
4555,54,45,222,185,92
4556,55,45,219,181,87
4557,56,45,217,178,83
4558,57,45,204,164,70
4559,58,45,192,151,60
4560,59,45,176,131,47
4561,60,45,147,97,33
4562,61,45,106,58,25
4563,62,45,107,57,26
4564,63,45,87,41,25
4565,64,45,93,54,28
4566,65,45,95,60,31
4567,66,45,65,37,28
4568,67,45,44,26,29
4569,68,45,39,23,29
4570,69,45,47,26,28
4571,70,45,54,26,26
4572,71,45,63,32,28
4573,72,45,81,46,32
4574,73,45,69,38,31
4575,74,45,64,34,31
4576,75,45,55,29,33
4577,76,45,48,25,33
4578,77,45,60,40,35
4579,78,45,70,53,34
4580,79,45,92,74,37
4581,80,45,103,87,40
4582,81,45,110,98,49
4583,82,45,123,103,48
4584,83,45,123,105,52
4585,84,45,132,116,59
4586,85,45,137,119,57
4587,86,45,143,123,58
4588,87,45,141,120,54
4589,88,45,127,108,53
4590,89,45,133,115,58
4591,90,45,135,116,58
4592,91,45,139,122,65
4593,92,45,137,120,67
4594,93,45,135,117,70
4595,94,45,112,99,67
4596,95,45,111,102,70
4597,96,45,110,100,69
4598,97,45,107,93,65
4599,98,45,105,88,61
4600,99,45,107,92,65
4601,0,46,96,66,50
4602,1,46,111,75,49
4603,2,46,101,67,51
4604,3,46,109,73,49
4605,4,46,112,77,45
4606,5,46,99,68,43
4607,6,46,113,80,43
4608,7,46,117,79,40
4609,8,46,97,61,40
4610,9,46,102,66,44
4611,10,46,124,92,48
4612,11,46,145,116,52
4613,12,46,141,111,49
4614,13,46,138,110,47
4615,14,46,130,103,44
4616,15,46,138,108,46
4617,16,46,137,103,41
4618,17,46,128,94,38
4619,18,46,122,89,36
4620,19,46,110,75,32
4621,20,46,101,68,32
4622,21,46,97,69,33
4623,22,46,88,63,35
4624,23,46,96,71,39
4625,24,46,101,74,37
4626,25,46,92,60,32
4627,26,46,93,58,31
4628,27,46,86,53,33
4629,28,46,69,42,37
4630,29,46,41,24,31
4631,30,46,37,22,33
4632,31,46,42,24,34
4633,32,46,51,27,35
4634,33,46,67,33,31
4635,34,46,98,51,33
4636,35,46,115,62,32
4637,36,46,132,77,29
4638,37,46,172,119,42
4639,38,46,203,164,73
4640,39,46,218,183,89
4641,40,46,225,189,96
4642,41,46,227,193,99
4643,42,46,227,195,103
4644,43,46,229,197,106
4645,44,46,231,197,100
4646,45,46,229,195,98
4647,46,46,228,192,96
4648,47,46,227,191,96
4649,48,46,226,191,98
4650,49,46,225,188,90
4651,50,46,230,193,95
4652,51,46,231,196,103
4653,52,46,230,195,102
4654,53,46,225,190,100
4655,54,46,220,184,92
4656,55,46,216,180,87
4657,56,46,212,175,80
4658,57,46,204,166,72
4659,58,46,192,150,60
4660,59,46,169,122,47
4661,60,46,128,77,27
4662,61,46,103,53,22
4663,62,46,105,56,26
4664,63,46,93,48,27
4665,64,46,95,56,29
4666,65,46,96,60,33
4667,66,46,54,30,25
4668,67,46,33,20,27
4669,68,46,45,27,28
4670,69,46,57,33,30
4671,70,46,77,46,30
4672,71,46,101,64,33
4673,72,46,106,69,36
4674,73,46,91,56,34
4675,74,46,86,51,34
4676,75,46,77,44,33
4677,76,46,53,29,32
4678,77,46,42,23,32
4679,78,46,47,27,32
4680,79,46,73,49,33
4681,80,46,90,68,35
4682,81,46,100,79,37
4683,82,46,120,99,47
4684,83,46,120,104,52
4685,84,46,133,123,69
4686,85,46,135,121,63
4687,86,46,147,134,69
4688,87,46,137,122,63
4689,88,46,124,109,56
4690,89,46,143,125,61
4691,90,46,142,126,66
4692,91,46,134,123,69
4693,92,46,136,122,72
4694,93,46,138,117,68
4695,94,46,136,118,70
4696,95,46,139,122,72
4697,96,46,131,112,67
4698,97,46,111,92,62
4699,98,46,104,86,63
4700,99,46,98,86,66
4701,0,47,95,62,50
4702,1,47,113,73,46
4703,2,47,110,73,50
4704,3,47,102,65,47
4705,4,47,95,67,44
4706,5,47,92,62,40
4707,6,47,106,73,41
4708,7,47,103,69,39
4709,8,47,82,53,38
4710,9,47,94,63,44
4711,10,47,104,72,45
4712,11,47,130,95,48
4713,12,47,127,94,42
4714,13,47,157,127,50
4715,14,47,154,124,48
4716,15,47,150,121,49
4717,16,47,140,113,44
4718,17,47,133,108,42
4719,18,47,134,108,41
4720,19,47,121,92,36
4721,20,47,104,78,32
4722,21,47,96,72,33
4723,22,47,95,71,35
4724,23,47,108,78,35
4725,24,47,114,78,33
4726,25,47,95,58,29
4727,26,47,76,45,32
4728,27,47,46,27,34
4729,28,47,32,20,35
4730,29,47,37,22,33
4731,30,47,43,24,30
4732,31,47,48,27,33
4733,32,47,59,29,32
4734,33,47,99,53,30
4735,34,47,132,82,38
4736,35,47,152,99,39
4737,36,47,158,100,33
4738,37,47,193,145,57
4739,38,47,218,180,79
4740,39,47,225,189,90
4741,40,47,226,191,94
4742,41,47,228,195,98
4743,42,47,232,200,105
4744,43,47,231,199,106
4745,44,47,232,198,106
4746,45,47,231,197,106
4747,46,47,230,195,102
4748,47,47,228,192,100
4749,48,47,227,192,103
4750,49,47,224,189,97
4751,50,47,230,194,95
4752,51,47,233,197,103
4753,52,47,231,196,102
4754,53,47,225,190,98
4755,54,47,221,185,90
4756,55,47,215,178,82
4757,56,47,207,171,78
4758,57,47,204,167,76
4759,58,47,190,150,57
4760,59,47,168,120,41
4761,60,47,132,80,27
4762,61,47,122,69,26
4763,62,47,109,57,24
4764,63,47,94,51,25
4765,64,47,90,55,28
4766,65,47,84,51,28
4767,66,47,66,41,27
4768,67,47,77,50,30
4769,68,47,95,63,32
4770,69,47,105,70,33
4771,70,47,111,73,33
4772,71,47,115,77,35
4773,72,47,115,79,38
4774,73,47,110,73,38
4775,74,47,98,63,34
4776,75,47,88,55,34
4777,76,47,74,47,35
4778,77,47,52,33,34
4779,78,47,41,23,33
4780,79,47,41,23,32
4781,80,47,49,30,35
4782,81,47,70,47,33
4783,82,47,94,64,34
4784,83,47,106,76,39
4785,84,47,111,82,45
4786,85,47,120,96,55
4787,86,47,129,109,62
4788,87,47,145,133,78
4789,88,47,144,133,76
4790,89,47,147,132,73
4791,90,47,148,130,77
4792,91,47,158,144,87
4793,92,47,160,148,88
4794,93,47,167,149,85
4795,94,47,171,149,83
4796,95,47,165,144,78
4797,96,47,156,132,70
4798,97,47,140,116,68
4799,98,47,122,101,63
4800,99,47,102,89,68
4801,0,48,98,63,52
4802,1,48,110,68,48
4803,2,48,105,67,46
4804,3,48,108,69,46
4805,4,48,104,67,43
4806,5,48,102,69,43
4807,6,48,101,69,40
4808,7,48,92,58,38
4809,8,48,85,52,38
4810,9,48,95,64,42
4811,10,48,103,68,43
4812,11,48,104,68,44
4813,12,48,92,60,41
4814,13,48,102,71,43
4815,14,48,121,89,47
4816,15,48,141,113,53
4817,16,48,148,120,49
4818,17,48,138,110,45
4819,18,48,134,104,43
4820,19,48,128,94,34
4821,20,48,119,89,35
4822,21,48,105,75,33
4823,22,48,106,74,33
4824,23,48,113,73,33
4825,24,48,103,61,31
4826,25,48,63,35,33
4827,26,48,41,25,36
4828,27,48,37,26,38
4829,28,48,46,29,36
4830,29,48,51,30,35
4831,30,48,47,26,32
4832,31,48,47,25,32
4833,32,48,79,43,34
4834,33,48,128,81,38
4835,34,48,167,118,48
4836,35,48,183,133,53
4837,36,48,198,154,67
4838,37,48,213,178,84
4839,38,48,225,189,90
4840,39,48,228,194,94
4841,40,48,228,195,97
4842,41,48,227,195,97
4843,42,48,231,198,103
4844,43,48,231,199,106
4845,44,48,232,197,106
4846,45,48,233,198,109
4847,46,48,232,198,107
4848,47,48,235,200,110
4849,48,48,233,199,109
4850,49,48,230,195,101
4851,50,48,232,197,101
4852,51,48,231,197,103
4853,52,48,228,195,99
4854,53,48,228,193,100
4855,54,48,226,191,95
4856,55,48,221,183,86
4857,56,48,217,180,82
4858,57,48,205,168,75
4859,58,48,193,151,56
4860,59,48,163,114,39
4861,60,48,129,77,28
4862,61,48,117,63,26
4863,62,48,98,51,26
4864,63,48,91,56,31
4865,64,48,100,64,32
4866,65,48,115,78,35
4867,66,48,129,91,37
4868,67,48,139,99,41
4869,68,48,144,103,40
4870,69,48,146,106,44
4871,70,48,151,111,49
4872,71,48,148,109,46
4873,72,48,147,110,52
4874,73,48,137,101,48
4875,74,48,115,82,40
4876,75,48,101,69,40
4877,76,48,86,58,37
4878,77,48,58,38,35
4879,78,48,46,29,35
4880,79,48,47,28,36
4881,80,48,38,24,36
4882,81,48,33,23,39
4883,82,48,38,25,36
4884,83,48,66,40,36
4885,84,48,80,49,34
4886,85,48,85,55,38
4887,86,48,96,65,43
4888,87,48,106,73,46
4889,88,48,113,88,54
4890,89,48,114,93,64
4891,90,48,105,87,67
4892,91,48,117,95,68
4893,92,48,120,107,67
4894,93,48,125,111,71
4895,94,48,139,120,73
4896,95,48,124,114,71
4897,96,48,136,119,71
4898,97,48,143,124,72
4899,98,48,146,126,72
4900,99,48,139,119,78
4901,0,49,85,53,54
4902,1,49,103,60,51
4903,2,49,117,75,50
4904,3,49,121,80,48
4905,4,49,115,73,45
4906,5,49,115,75,44
4907,6,49,120,81,41
4908,7,49,118,78,42
4909,8,49,113,74,42
4910,9,49,109,70,41
4911,10,49,110,71,41
4912,11,49,106,67,42
4913,12,49,95,57,38
4914,13,49,93,56,41
4915,14,49,104,66,45
4916,15,49,107,71,48
4917,16,49,131,95,44
4918,17,49,141,104,41
4919,18,49,133,97,41
4920,19,49,134,93,35
4921,20,49,139,101,38
4922,21,49,136,99,36
4923,22,49,130,92,38
4924,23,49,105,66,36
4925,24,49,55,32,36
4926,25,49,35,23,38
4927,26,49,39,27,41
4928,27,49,46,30,39
4929,28,49,53,33,39
4930,29,49,53,31,35
4931,30,49,45,26,34
4932,31,49,58,30,32
4933,32,49,106,63,35
4934,33,49,161,112,46
4935,34,49,195,150,64
4936,35,49,206,165,71
4937,36,49,217,180,83
4938,37,49,223,192,93
4939,38,49,223,192,94
4940,39,49,229,197,99
4941,40,49,230,198,100
4942,41,49,229,195,98
4943,42,49,230,195,100
4944,43,49,231,196,102
4945,44,49,231,196,102
4946,45,49,232,199,111
4947,46,49,234,203,114
4948,47,49,235,205,116
4949,48,49,233,204,115
4950,49,49,231,202,112
4951,50,49,233,201,107
4952,51,49,231,200,111
4953,52,49,230,199,109
4954,53,49,233,198,108
4955,54,49,229,195,101
4956,55,49,224,188,90
4957,56,49,213,173,74
4958,57,49,202,161,66
4959,58,49,185,140,49
4960,59,49,157,106,35
4961,60,49,136,84,32
4962,61,49,126,79,35
4963,62,49,120,79,36
4964,63,49,115,76,36
4965,64,49,125,85,37
4966,65,49,132,93,40
4967,66,49,142,105,45
4968,67,49,158,121,52
4969,68,49,162,124,53
4970,69,49,158,121,54
4971,70,49,139,101,48
4972,71,49,125,88,43
4973,72,49,110,75,44
4974,73,49,90,59,39
4975,74,49,76,48,34
4976,75,49,71,45,36
4977,76,49,55,34,34
4978,77,49,44,28,35
4979,78,49,37,23,35
4980,79,49,35,24,38
4981,80,49,30,21,38
4982,81,49,39,28,42
4983,82,49,39,25,38
4984,83,49,35,23,39
4985,84,49,53,33,40
4986,85,49,83,51,41
4987,86,49,94,57,45
4988,87,49,88,51,46
4989,88,49,85,53,46
4990,89,49,84,56,49
4991,90,49,82,60,52
4992,91,49,94,75,57
4993,92,49,102,89,64
4994,93,49,126,111,71
4995,94,49,131,118,73
4996,95,49,135,123,76
4997,96,49,147,130,77
4998,97,49,147,128,76
4999,98,49,151,131,76
5000,99,49,140,124,79
5001,0,50,75,51,59
5002,1,50,98,58,53
5003,2,50,116,72,54
5004,3,50,116,72,51
5005,4,50,117,73,45
5006,5,50,117,75,43
5007,6,50,122,80,44
5008,7,50,121,79,45
5009,8,50,106,70,41
5010,9,50,106,66,39
5011,10,50,116,74,46
5012,11,50,118,77,47
5013,12,50,114,72,41
5014,13,50,109,67,43
5015,14,50,107,69,46
5016,15,50,110,73,45
5017,16,50,121,82,42
5018,17,50,123,81,38
5019,18,50,117,76,38
5020,19,50,119,78,36
5021,20,50,136,98,40
5022,21,50,157,120,41
5023,22,50,136,98,44
5024,23,50,63,37,38
5025,24,50,37,25,41
5026,25,50,34,23,39
5027,26,50,39,26,37
5028,27,50,49,30,39
5029,28,50,51,31,38
5030,29,50,43,25,34
5031,30,50,44,25,32
5032,31,50,70,38,32
5033,32,50,105,62,35
5034,33,50,152,104,42
5035,34,50,203,161,67
5036,35,50,225,187,86
5037,36,50,230,196,91
5038,37,50,225,197,98
5039,38,50,229,201,100
5040,39,50,230,198,98
5041,40,50,225,191,94
5042,41,50,227,192,100
5043,42,50,224,190,98
5044,43,50,226,192,100
5045,44,50,230,197,102
5046,45,50,233,203,113
5047,46,50,235,207,116
5048,47,50,234,208,120
5049,48,50,234,210,125
5050,49,50,235,209,122
5051,50,50,233,205,114
5052,51,50,230,204,115
5053,52,50,230,203,115
5054,53,50,234,203,113
5055,54,50,234,201,108
5056,55,50,226,193,98
5057,56,50,216,180,82
5058,57,50,205,166,68
5059,58,50,190,144,50
5060,59,50,167,122,45
5061,60,50,146,105,45
5062,61,50,131,93,41
5063,62,50,125,89,40
5064,63,50,137,103,42
5065,64,50,151,114,47
5066,65,50,146,111,48
5067,66,50,135,101,47
5068,67,50,111,76,38
5069,68,50,88,56,31
5070,69,50,76,44,30
5071,70,50,65,37,30
5072,71,50,59,34,31
5073,72,50,48,28,32
5074,73,50,42,26,32
5075,74,50,40,26,33
5076,75,50,35,23,33
5077,76,50,32,21,33
5078,77,50,32,21,34
5079,78,50,31,22,34
5080,79,50,32,24,37
5081,80,50,30,20,37
5082,81,50,32,23,40
5083,82,50,41,28,41
5084,83,50,42,29,41
5085,84,50,38,25,42
5086,85,50,56,29,38
5087,86,50,92,45,40
5088,87,50,93,51,47
5089,88,50,88,51,50
5090,89,50,89,50,49
5091,90,50,86,49,48
5092,91,50,85,52,51
5093,92,50,96,67,59
5094,93,50,114,90,65
5095,94,50,137,109,67
5096,95,50,166,139,75
5097,96,50,173,151,80
5098,97,50,161,142,78
5099,98,50,142,128,75
5100,99,50,125,123,84
5101,0,51,76,53,61
5102,1,51,99,58,54
5103,2,51,119,76,54
5104,3,51,122,78,48
5105,4,51,115,70,47
5106,5,51,107,66,41
5107,6,51,106,67,43
5108,7,51,105,69,44
5109,8,51,112,72,41
5110,9,51,121,75,41
5111,10,51,127,83,46
5112,11,51,132,91,46
5113,12,51,127,90,44
5114,13,51,119,83,44
5115,14,51,127,89,47
5116,15,51,133,96,47
5117,16,51,131,97,43
5118,17,51,136,101,44
5119,18,51,144,107,46
5120,19,51,146,108,44
5121,20,51,147,108,47
5122,21,51,127,92,48
5123,22,51,72,46,42
5124,23,51,42,25,39
5125,24,51,36,23,38
5126,25,51,37,24,39
5127,26,51,39,26,37
5128,27,51,52,32,34
5129,28,51,51,31,36
5130,29,51,43,24,32
5131,30,51,58,34,32
5132,31,51,80,47,33
5133,32,51,101,63,37
5134,33,51,114,72,36
5135,34,51,157,115,47
5136,35,51,199,159,68
5137,36,51,219,182,80
5138,37,51,225,195,92
5139,38,51,233,203,103
5140,39,51,230,200,98
5141,40,51,224,190,91
5142,41,51,218,183,93
5143,42,51,220,186,96
5144,43,51,225,195,100
5145,44,51,232,203,106
5146,45,51,233,206,116
5147,46,51,235,210,122
5148,47,51,234,210,123
5149,48,51,233,212,128
5150,49,51,232,211,125
5151,50,51,234,210,124
5152,51,51,234,209,122
5153,52,51,230,206,120
5154,53,51,232,205,117
5155,54,51,233,201,108
5156,55,51,228,194,101
5157,56,51,219,184,88
5158,57,51,197,159,69
5159,58,51,173,137,57
5160,59,51,155,118,51
5161,60,51,131,96,40
5162,61,51,121,90,41
5163,62,51,119,88,41
5164,63,51,112,78,37
5165,64,51,90,58,34
5166,65,51,71,43,33
5167,66,51,61,38,32
5168,67,51,61,37,33
5169,68,51,59,36,30
5170,69,51,54,34,30
5171,70,51,47,29,32
5172,71,51,44,28,33
5173,72,51,33,22,31
5174,73,51,29,19,30
5175,74,51,27,19,34
5176,75,51,24,19,35
5177,76,51,26,19,36
5178,77,51,24,18,35
5179,78,51,25,22,36
5180,79,51,25,23,37
5181,80,51,27,24,41
5182,81,51,34,28,43
5183,82,51,34,27,43
5184,83,51,38,28,43
5185,84,51,41,28,42
5186,85,51,35,23,39
5187,86,51,51,33,46
5188,87,51,87,48,48
5189,88,51,92,51,46
5190,89,51,93,53,46
5191,90,51,95,54,46
5192,91,51,91,53,50
5193,92,51,92,55,53
5194,93,51,100,60,53
5195,94,51,106,68,56
5196,95,51,115,83,59
5197,96,51,119,99,71
5198,97,51,124,100,70
5199,98,51,131,104,69
5200,99,51,133,107,75
5201,0,52,67,51,63
5202,1,52,69,46,54
5203,2,52,105,66,53
5204,3,52,121,72,43
5205,4,52,123,72,44
5206,5,52,120,66,40
5207,6,52,127,73,42
5208,7,52,141,87,47
5209,8,52,139,84,44
5210,9,52,144,92,43
5211,10,52,153,103,47
5212,11,52,154,102,46
5213,12,52,143,90,43
5214,13,52,141,91,49
5215,14,52,144,100,52
5216,15,52,150,109,48
5217,16,52,152,110,45
5218,17,52,149,107,43
5219,18,52,142,97,43
5220,19,52,128,84,43
5221,20,52,82,54,45
5222,21,52,47,30,42
5223,22,52,44,28,42
5224,23,52,44,28,40
5225,24,52,34,21,38
5226,25,52,32,19,37
5227,26,52,49,32,37
5228,27,52,58,37,34
5229,28,52,48,27,32
5230,29,52,56,34,33
5231,30,52,68,41,33
5232,31,52,84,54,37
5233,32,52,107,74,44
5234,33,52,114,76,41
5235,34,52,117,80,39
5236,35,52,135,95,44
5237,36,52,143,99,42
5238,37,52,165,123,54
5239,38,52,189,150,68
5240,39,52,203,167,77
5241,40,52,197,161,74
5242,41,52,205,170,81
5243,42,52,224,190,96
5244,43,52,235,204,110
5245,44,52,239,210,111
5246,45,52,235,208,113
5247,46,52,232,208,117
5248,47,52,229,207,123
5249,48,52,228,207,121
5250,49,52,229,207,119
5251,50,52,233,208,123
5252,51,52,234,207,119
5253,52,52,230,200,108
5254,53,52,227,195,103
5255,54,52,224,192,97
5256,55,52,209,174,83
5257,56,52,178,143,61
5258,57,52,151,117,49
5259,58,52,135,103,45
5260,59,52,122,90,40
5261,60,52,100,69,33
5262,61,52,76,49,30
5263,62,52,65,39,30
5264,63,52,60,38,34
5265,64,52,52,34,33
5266,65,52,57,38,36
5267,66,52,51,36,35
5268,67,52,40,28,33
5269,68,52,29,20,31
5270,69,52,28,22,35
5271,70,52,29,23,35
5272,71,52,33,27,37
5273,72,52,29,24,34
5274,73,52,24,20,33
5275,74,52,19,16,31
5276,75,52,20,19,34
5277,76,52,22,18,35
5278,77,52,18,15,34
5279,78,52,23,20,36
5280,79,52,25,22,39
5281,80,52,26,24,40
5282,81,52,35,31,45
5283,82,52,35,31,44
5284,83,52,36,29,43
5285,84,52,44,31,44
5286,85,52,43,30,44
5287,86,52,40,30,48
5288,87,52,71,44,55
5289,88,52,111,58,50
5290,89,52,108,55,47
5291,90,52,112,59,47
5292,91,52,110,60,49
5293,92,52,103,59,52
5294,93,52,100,59,53
5295,94,52,108,66,59
5296,95,52,111,67,58
5297,96,52,103,64,60
5298,97,52,103,64,61
5299,98,52,123,77,63
5300,99,52,137,88,69
5301,0,53,67,51,64
5302,1,53,63,42,56
5303,2,53,87,51,50
5304,3,53,115,62,43
5305,4,53,126,66,41
5306,5,53,132,71,40
5307,6,53,149,83,41
5308,7,53,144,85,45
5309,8,53,153,101,48
5310,9,53,149,91,43
5311,10,53,143,80,46
5312,11,53,139,80,46
5313,12,53,130,74,44
5314,13,53,150,91,52
5315,14,53,136,89,53
5316,15,53,126,88,51
5317,16,53,123,85,46
5318,17,53,117,78,38
5319,18,53,113,71,42
5320,19,53,64,38,41
5321,20,53,40,26,42
5322,21,53,48,31,44
5323,22,53,49,33,44
5324,23,53,42,28,42
5325,24,53,33,22,39
5326,25,53,41,29,42
5327,26,53,57,40,42
5328,27,53,50,34,38
5329,28,53,52,32,36
5330,29,53,72,50,37
5331,30,53,81,57,39
5332,31,53,97,68,42
5333,32,53,107,78,46
5334,33,53,103,70,41
5335,34,53,107,72,41
5336,35,53,108,74,42
5337,36,53,115,76,39
5338,37,53,126,80,41
5339,38,53,131,81,36
5340,39,53,125,80,36
5341,40,53,131,91,44
5342,41,53,149,109,51
5343,42,53,168,129,65
5344,43,53,187,148,74
5345,44,53,200,161,78
5346,45,53,206,170,83
5347,46,53,211,175,89
5348,47,53,214,182,96
5349,48,53,219,188,102
5350,49,53,224,192,101
5351,50,53,224,193,105
5352,51,53,224,190,100
5353,52,53,220,183,91
5354,53,53,204,167,81
5355,54,53,178,141,62
5356,55,53,153,118,51
5357,56,53,130,95,40
5358,57,53,115,81,37
5359,58,53,109,79,38
5360,59,53,89,61,33
5361,60,53,68,43,30
5362,61,53,58,38,32
5363,62,53,53,37,34
5364,63,53,49,35,38
5365,64,53,44,34,38
5366,65,53,41,31,37
5367,66,53,38,29,34
5368,67,53,35,27,35
5369,68,53,38,30,36
5370,69,53,58,45,41
5371,70,53,50,38,37
5372,71,53,49,37,38
5373,72,53,48,37,39
5374,73,53,40,30,37
5375,74,53,30,22,34
5376,75,53,22,17,32
5377,76,53,23,19,34
5378,77,53,20,16,34
5379,78,53,26,21,37
5380,79,53,28,25,41
5381,80,53,26,24,42
5382,81,53,30,26,41
5383,82,53,35,27,42
5384,83,53,38,27,43
5385,84,53,41,30,46
5386,85,53,45,32,46
5387,86,53,47,33,47
5388,87,53,53,42,58
5389,88,53,92,55,56
5390,89,53,120,58,46
5391,90,53,125,62,48
5392,91,53,132,69,49
5393,92,53,125,66,51
5394,93,53,109,61,54
5395,94,53,105,60,57
5396,95,53,114,68,63
5397,96,53,123,75,67
5398,97,53,111,67,65
5399,98,53,85,61,66
5400,99,53,99,77,78
5401,0,54,67,51,66
5402,1,54,58,40,56
5403,2,54,80,44,51
5404,3,54,108,51,39
5405,4,54,134,68,42
5406,5,54,139,75,44
5407,6,54,143,79,43
5408,7,54,137,77,43
5409,8,54,143,90,44
5410,9,54,148,96,46
5411,10,54,141,84,44
5412,11,54,137,81,46
5413,12,54,135,80,41
5414,13,54,143,90,43
5415,14,54,142,91,44
5416,15,54,135,90,46
5417,16,54,128,88,48
5418,17,54,122,78,42
5419,18,54,90,55,44
5420,19,54,38,25,42
5421,20,54,52,35,48
5422,21,54,54,37,48
5423,22,54,50,38,49
5424,23,54,47,37,51
5425,24,54,41,32,48
5426,25,54,48,37,48
5427,26,54,52,38,46
5428,27,54,52,36,41
5429,28,54,64,41,39
5430,29,54,84,60,40
5431,30,54,91,68,39
5432,31,54,97,71,43
5433,32,54,97,69,41
5434,33,54,95,65,39
5435,34,54,84,57,39
5436,35,54,87,59,39
5437,36,54,103,69,39
5438,37,54,111,73,40
5439,38,54,105,68,40
5440,39,54,116,79,43
5441,40,54,122,85,47
5442,41,54,126,88,47
5443,42,54,129,91,49
5444,43,54,133,93,49
5445,44,54,133,92,46
5446,45,54,139,95,44
5447,46,54,142,97,43
5448,47,54,145,103,47
5449,48,54,148,108,54
5450,49,54,151,109,53
5451,50,54,155,113,55
5452,51,54,157,116,55
5453,52,54,150,114,53
5454,53,54,133,102,48
5455,54,54,126,99,48
5456,55,54,116,88,41
5457,56,54,96,67,34
5458,57,54,89,63,34
5459,58,54,90,67,38
5460,59,54,70,49,33
5461,60,54,48,32,31
5462,61,54,40,29,36
5463,62,54,32,24,36
5464,63,54,31,26,39
5465,64,54,31,25,37
5466,65,54,35,28,35
5467,66,54,56,42,40
5468,67,54,60,46,40
5469,68,54,74,56,42
5470,69,54,73,55,41
5471,70,54,57,42,38
5472,71,54,58,43,37
5473,72,54,50,38,37
5474,73,54,43,32,36
5475,74,54,33,23,33
5476,75,54,24,18,33
5477,76,54,22,18,33
5478,77,54,20,17,33
5479,78,54,23,20,36
5480,79,54,27,24,39
5481,80,54,26,23,41
5482,81,54,29,23,39
5483,82,54,36,24,40
5484,83,54,36,28,43
5485,84,54,39,29,45
5486,85,54,43,33,48
5487,86,54,46,33,47
5488,87,54,45,36,52
5489,88,54,58,44,58
5490,89,54,92,49,50
5491,90,54,96,51,50
5492,91,54,110,59,49
5493,92,54,107,58,52
5494,93,54,91,51,52
5495,94,54,97,54,56
5496,95,54,114,64,61
5497,96,54,138,79,65
5498,97,54,126,72,62
5499,98,54,89,61,69
5500,99,54,85,68,76
5501,0,55,63,49,65
5502,1,55,56,43,59
5503,2,55,55,39,53
5504,3,55,64,35,44
5505,4,55,102,50,42
5506,5,55,136,71,43
5507,6,55,134,72,42
5508,7,55,139,76,43
5509,8,55,148,83,46
5510,9,55,152,91,45
5511,10,55,151,93,39
5512,11,55,152,94,41
5513,12,55,151,95,40
5514,13,55,152,98,40
5515,14,55,154,105,43
5516,15,55,152,104,45
5517,16,55,158,114,50
5518,17,55,151,106,48
5519,18,55,89,56,46
5520,19,55,50,33,46
5521,20,55,57,41,51
5522,21,55,51,38,49
5523,22,55,54,41,51
5524,23,55,47,37,51
5525,24,55,46,37,51
5526,25,55,50,38,50
5527,26,55,49,36,45
5528,27,55,55,36,41
5529,28,55,73,49,41
5530,29,55,89,66,42
5531,30,55,83,61,38
5532,31,55,83,60,39
5533,32,55,91,66,40
5534,33,55,76,53,38
5535,34,55,65,43,36
5536,35,55,92,64,40
5537,36,55,94,65,41
5538,37,55,84,57,38
5539,38,55,97,70,41
5540,39,55,114,83,45
5541,40,55,121,89,48
5542,41,55,122,90,49
5543,42,55,116,83,46
5544,43,55,119,85,47
5545,44,55,124,88,47
5546,45,55,125,87,47
5547,46,55,123,83,43
5548,47,55,121,82,41
5549,48,55,123,83,44
5550,49,55,118,79,45
5551,50,55,116,84,48
5552,51,55,116,89,48
5553,52,55,110,87,45
5554,53,55,110,89,48
5555,54,55,100,79,44
5556,55,55,78,56,35
5557,56,55,75,54,34
5558,57,55,71,52,36
5559,58,55,50,36,35
5560,59,55,31,21,33
5561,60,55,22,17,32
5562,61,55,23,20,35
5563,62,55,29,25,38
5564,63,55,38,32,40
5565,64,55,42,32,35
5566,65,55,52,38,35
5567,66,55,61,44,37
5568,67,55,80,63,41
5569,68,55,80,63,42
5570,69,55,56,42,39
5571,70,55,62,46,40
5572,71,55,56,40,36
5573,72,55,45,32,35
5574,73,55,36,26,36
5575,74,55,32,22,31
5576,75,55,28,21,32
5577,76,55,27,22,34
5578,77,55,24,18,33
5579,78,55,31,26,36
5580,79,55,26,22,37
5581,80,55,24,20,38
5582,81,55,26,21,38
5583,82,55,41,29,43
5584,83,55,36,28,43
5585,84,55,34,30,45
5586,85,55,41,35,51
5587,86,55,43,36,51
5588,87,55,45,35,50
5589,88,55,50,39,54
5590,89,55,71,45,54
5591,90,55,85,45,46
5592,91,55,92,50,46
5593,92,55,88,48,51
5594,93,55,89,48,53
5595,94,55,89,52,56
5596,95,55,102,58,59
5597,96,55,123,71,62
5598,97,55,121,75,65
5599,98,55,95,65,70
5600,99,55,88,70,76
5601,0,56,66,52,65
5602,1,56,63,47,60
5603,2,56,59,41,54
5604,3,56,48,26,44
5605,4,56,59,28,43
5606,5,56,104,47,44
5607,6,56,116,51,40
5608,7,56,127,59,43
5609,8,56,133,64,43
5610,9,56,141,71,42
5611,10,56,146,74,38
5612,11,56,149,78,39
5613,12,56,148,78,37
5614,13,56,144,75,36
5615,14,56,138,75,39
5616,15,56,133,75,42
5617,16,56,135,80,44
5618,17,56,120,70,46
5619,18,56,72,44,47
5620,19,56,56,39,50
5621,20,56,51,40,51
5622,21,56,51,39,50
5623,22,56,52,39,52
5624,23,56,49,38,52
5625,24,56,47,37,49
5626,25,56,52,40,50
5627,26,56,47,36,46
5628,27,56,49,33,41
5629,28,56,74,51,42
5630,29,56,83,62,42
5631,30,56,68,48,34
5632,31,56,75,52,35
5633,32,56,80,57,40
5634,33,56,55,38,34
5635,34,56,70,50,37
5636,35,56,73,50,38
5637,36,56,66,45,36
5638,37,56,75,53,39
5639,38,56,95,72,45
5640,39,56,107,81,46
5641,40,56,115,84,46
5642,41,56,113,85,47
5643,42,56,108,83,47
5644,43,56,113,85,47
5645,44,56,116,82,45
5646,45,56,115,82,46
5647,46,56,106,76,43
5648,47,56,107,76,44
5649,48,56,102,71,43
5650,49,56,93,68,40
5651,50,56,96,74,43
5652,51,56,100,78,44
5653,52,56,98,77,43
5654,53,56,92,72,43
5655,54,56,77,57,37
5656,55,56,64,47,36
5657,56,56,50,38,36
5658,57,56,35,26,34
5659,58,56,27,22,34
5660,59,56,23,20,34
5661,60,56,22,20,34
5662,61,56,28,23,35
5663,62,56,38,29,37
5664,63,56,52,40,39
5665,64,56,55,40,34
5666,65,56,60,45,38
5667,66,56,66,50,38
5668,67,56,78,61,41
5669,68,56,55,43,36
5670,69,56,59,46,38
5671,70,56,66,51,40
5672,71,56,53,40,35
5673,72,56,60,43,34
5674,73,56,74,57,40
5675,74,56,78,57,38
5676,75,56,69,50,34
5677,76,56,61,42,33
5678,77,56,65,43,35
5679,78,56,60,42,41
5680,79,56,49,32,35
5681,80,56,33,24,35
5682,81,56,38,29,42
5683,82,56,47,34,44
5684,83,56,38,27,41
5685,84,56,37,28,42
5686,85,56,39,31,45
5687,86,56,40,32,47
5688,87,56,46,36,51
5689,88,56,50,37,51
5690,89,56,59,40,51
5691,90,56,107,59,51
5692,91,56,107,58,47
5693,92,56,101,56,52
5694,93,56,107,57,50
5695,94,56,107,58,51
5696,95,56,104,61,58
5697,96,56,95,63,63
5698,97,56,92,65,66
5699,98,56,78,56,67
5700,99,56,82,62,73
5701,0,57,68,53,67
5702,1,57,71,50,65
5703,2,57,66,44,59
5704,3,57,47,29,48
5705,4,57,47,30,46
5706,5,57,82,41,47
5707,6,57,111,50,45
5708,7,57,115,54,42
5709,8,57,120,59,46
5710,9,57,122,58,42
5711,10,57,130,64,39
5712,11,57,130,62,38
5713,12,57,125,60,39
5714,13,57,122,60,39
5715,14,57,123,62,41
5716,15,57,129,64,40
5717,16,57,128,62,40
5718,17,57,112,51,40
5719,18,57,66,35,44
5720,19,57,51,35,47
5721,20,57,45,35,49
5722,21,57,49,37,48
5723,22,57,45,35,49
5724,23,57,47,36,51
5725,24,57,45,34,47
5726,25,57,51,38,46
5727,26,57,46,34,43
5728,27,57,53,37,42
5729,28,57,75,55,43
5730,29,57,74,55,42
5731,30,57,59,39,35
5732,31,57,69,47,35
5733,32,57,57,38,35
5734,33,57,57,40,37
5735,34,57,73,53,38
5736,35,57,62,43,35
5737,36,57,64,45,38
5738,37,57,73,54,41
5739,38,57,87,67,44
5740,39,57,98,75,46
5741,40,57,102,76,45
5742,41,57,106,82,46
5743,42,57,106,81,45
5744,43,57,104,76,43
5745,44,57,105,73,43
5746,45,57,94,66,39
5747,46,57,86,61,38
5748,47,57,89,62,40
5749,48,57,89,62,42
5750,49,57,95,73,44
5751,50,57,88,68,41
5752,51,57,86,67,40
5753,52,57,76,56,37
5754,53,57,59,43,35
5755,54,57,49,37,34
5756,55,57,40,30,34
5757,56,57,37,28,36
5758,57,57,32,25,35
5759,58,57,24,19,33
5760,59,57,23,18,32
5761,60,57,31,26,33
5762,61,57,40,30,33
5763,62,57,47,35,35
5764,63,57,56,42,36
5765,64,57,58,42,34
5766,65,57,53,40,36
5767,66,57,60,46,36
5768,67,57,49,37,34
5769,68,57,54,41,36
5770,69,57,65,50,40
5771,70,57,69,54,39
5772,71,57,86,64,39
5773,72,57,105,77,41
5774,73,57,101,75,39
5775,74,57,90,62,35
5776,75,57,72,45,30
5777,76,57,77,49,32
5778,77,57,74,45,34
5779,78,57,68,42,36
5780,79,57,64,40,36
5781,80,57,56,36,41
5782,81,57,47,36,48
5783,82,57,36,29,42
5784,83,57,32,28,40
5785,84,57,37,29,41
5786,85,57,42,30,42
5787,86,57,41,30,43
5788,87,57,46,34,49
5789,88,57,52,36,49
5790,89,57,55,38,50
5791,90,57,90,56,48
5792,91,57,126,75,46
5793,92,57,125,79,50
5794,93,57,125,78,50
5795,94,57,119,74,54
5796,95,57,95,62,60
5797,96,57,86,59,62
5798,97,57,89,62,67
5799,98,57,91,66,73
5800,99,57,101,72,70
5801,0,58,63,46,62
5802,1,58,67,47,61
5803,2,58,62,45,60
5804,3,58,51,37,51
5805,4,58,52,36,49
5806,5,58,87,46,48
5807,6,58,121,60,46
5808,7,58,118,57,41
5809,8,58,122,65,47
5810,9,58,125,72,50
5811,10,58,124,69,48
5812,11,58,119,59,40
5813,12,58,122,60,42
5814,13,58,127,64,39
5815,14,58,131,65,40
5816,15,58,122,58,39
5817,16,58,109,55,43
5818,17,58,92,48,44
5819,18,58,63,38,46
5820,19,58,49,38,50
5821,20,58,47,37,49
5822,21,58,47,38,50
5823,22,58,36,29,46
5824,23,58,38,29,46
5825,24,58,36,27,42
5826,25,58,41,28,42
5827,26,58,45,32,42
5828,27,58,50,35,42
5829,28,58,67,48,43
5830,29,58,65,47,41
5831,30,58,61,44,40
5832,31,58,61,42,37
5833,32,58,47,30,33
5834,33,58,60,41,38
5835,34,58,71,51,41
5836,35,58,61,43,38
5837,36,58,60,42,39
5838,37,58,69,50,39
5839,38,58,84,65,42
5840,39,58,81,59,41
5841,40,58,84,63,42
5842,41,58,91,68,43
5843,42,58,91,66,41
5844,43,58,90,65,39
5845,44,58,87,62,40
5846,45,58,78,56,39
5847,46,58,75,52,38
5848,47,58,84,61,40
5849,48,58,91,69,42
5850,49,58,85,67,42
5851,50,58,76,59,39
5852,51,58,73,56,40
5853,52,58,61,46,36
5854,53,58,49,38,36
5855,54,58,38,30,34
5856,55,58,34,28,35
5857,56,58,29,23,33
5858,57,58,23,20,31
5859,58,58,24,19,32
5860,59,58,28,20,31
5861,60,58,40,30,33
5862,61,58,38,29,30
5863,62,58,47,35,33
5864,63,58,49,35,32
5865,64,58,40,30,31
5866,65,58,44,33,32
5867,66,58,41,30,31
5868,67,58,43,32,31
5869,68,58,65,50,36
5870,69,58,63,44,34
5871,70,58,77,53,37
5872,71,58,94,68,39
5873,72,58,100,70,37
5874,73,58,90,61,36
5875,74,58,88,60,35
5876,75,58,76,48,31
5877,76,58,82,53,32
5878,77,58,78,47,32
5879,78,58,64,38,34
5880,79,58,58,38,39
5881,80,58,39,27,38
5882,81,58,26,22,37
5883,82,58,28,25,40
5884,83,58,31,28,42
5885,84,58,39,33,43
5886,85,58,43,30,42
5887,86,58,38,29,44
5888,87,58,41,33,50
5889,88,58,46,35,50
5890,89,58,46,36,51
5891,90,58,51,37,50
5892,91,58,90,52,52
5893,92,58,105,59,54
5894,93,58,112,61,53
5895,94,58,108,63,58
5896,95,58,82,53,61
5897,96,58,84,55,63
5898,97,58,83,57,68
5899,98,58,90,67,76
5900,99,58,103,68,69
5901,0,59,69,51,58
5902,1,59,73,54,58
5903,2,59,76,54,58
5904,3,59,64,41,50
5905,4,59,69,47,51
5906,5,59,115,78,56
5907,6,59,135,88,55
5908,7,59,137,87,52
5909,8,59,143,94,55
5910,9,59,146,102,59
5911,10,59,142,98,59
5912,11,59,140,96,54
5913,12,59,139,92,53
5914,13,59,145,96,51
5915,14,59,144,95,52
5916,15,59,127,81,50
5917,16,59,96,63,52
5918,17,59,78,55,54
5919,18,59,58,42,52
5920,19,59,54,41,51
5921,20,59,52,40,52
5922,21,59,45,37,52
5923,22,59,38,30,47
5924,23,59,43,32,46
5925,24,59,39,28,43
5926,25,59,41,29,43
5927,26,59,48,35,46
5928,27,59,49,35,45
5929,28,59,57,40,43
5930,29,59,55,39,42
5931,30,59,57,40,41
5932,31,59,52,35,38
5933,32,59,49,33,37
5934,33,59,62,45,40
5935,34,59,61,44,38
5936,35,59,54,38,39
5937,36,59,51,35,40
5938,37,59,68,50,41
5939,38,59,71,52,42
5940,39,59,65,46,39
5941,40,59,68,49,41
5942,41,59,74,55,41
5943,42,59,77,56,40
5944,43,59,79,55,40
5945,44,59,74,52,40
5946,45,59,71,50,38
5947,46,59,80,58,40
5948,47,59,84,64,42
5949,48,59,78,59,41
5950,49,59,80,63,43
5951,50,59,77,60,46
5952,51,59,68,53,45
5953,52,59,49,37,38
5954,53,59,42,29,36
5955,54,59,42,30,36
5956,55,59,37,28,38
5957,56,59,27,22,34
5958,57,59,28,23,34
5959,58,59,32,25,35
5960,59,59,39,28,35
5961,60,59,38,26,34
5962,61,59,37,28,33
5963,62,59,47,36,35
5964,63,59,39,26,31
5965,64,59,30,21,28
5966,65,59,32,22,28
5967,66,59,36,22,29
5968,67,59,60,41,33
5969,68,59,69,48,33
5970,69,59,72,47,35
5971,70,59,89,58,37
5972,71,59,107,74,40
5973,72,59,98,67,38
5974,73,59,94,64,37
5975,74,59,96,67,36
5976,75,59,85,52,35
5977,76,59,86,54,35
5978,77,59,64,37,36
5979,78,59,37,24,37
5980,79,59,30,22,37
5981,80,59,23,17,37
5982,81,59,23,20,40
5983,82,59,29,24,42
5984,83,59,29,25,43
5985,84,59,33,28,42
5986,85,59,50,36,46
5987,86,59,50,36,47
5988,87,59,45,37,51
5989,88,59,49,37,53
5990,89,59,46,36,53
5991,90,59,47,40,57
5992,91,59,61,41,57
5993,92,59,80,48,56
5994,93,59,85,49,58
5995,94,59,96,59,61
5996,95,59,76,52,63
5997,96,59,77,54,66
5998,97,59,79,59,69
5999,98,59,79,62,74
6000,99,59,83,59,68
6001,0,60,82,59,60
6002,1,60,81,57,57
6003,2,60,84,60,59
6004,3,60,71,48,55
6005,4,60,102,76,57
6006,5,60,137,105,62
6007,6,60,140,109,63
6008,7,60,142,108,60
6009,8,60,148,114,62
6010,9,60,147,113,61
6011,10,60,147,114,64
6012,11,60,145,113,61
6013,12,60,147,114,62
6014,13,60,153,120,62
6015,14,60,146,112,58
6016,15,60,136,101,56
6017,16,60,98,71,54
6018,17,60,66,50,51
6019,18,60,57,41,47
6020,19,60,52,37,47
6021,20,60,46,36,48
6022,21,60,47,38,52
6023,22,60,44,34,48
6024,23,60,49,37,49
6025,24,60,39,28,44
6026,25,60,41,31,46
6027,26,60,48,37,48
6028,27,60,47,36,47
6029,28,60,53,38,47
6030,29,60,50,34,42
6031,30,60,54,39,40
6032,31,60,52,35,42
6033,32,60,52,35,39
6034,33,60,62,45,41
6035,34,60,52,37,36
6036,35,60,49,32,39
6037,36,60,45,31,38
6038,37,60,62,45,40
6039,38,60,59,41,38
6040,39,60,65,47,41
6041,40,60,68,49,42
6042,41,60,64,46,37
6043,42,60,65,46,39
6044,43,60,65,45,38
6045,44,60,67,47,39
6046,45,60,80,59,42
6047,46,60,83,61,40
6048,47,60,78,57,39
6049,48,60,82,61,41
6050,49,60,80,64,44
6051,50,60,62,48,43
6052,51,60,48,34,39
6053,52,60,41,30,36
6054,53,60,44,31,35
6055,54,60,38,28,35
6056,55,60,29,23,35
6057,56,60,31,24,37
6058,57,60,32,23,36
6059,58,60,34,27,36
6060,59,60,35,26,35
6061,60,60,34,24,34
6062,61,60,39,30,36
6063,62,60,41,32,37
6064,63,60,32,24,33
6065,64,60,31,23,32
6066,65,60,34,25,32
6067,66,60,53,37,32
6068,67,60,73,52,37
6069,68,60,68,44,34
6070,69,60,78,49,35
6071,70,60,95,64,38
6072,71,60,102,69,39
6073,72,60,89,58,35
6074,73,60,92,61,36
6075,74,60,84,52,34
6076,75,60,59,35,34
6077,76,60,38,25,37
6078,77,60,26,18,36
6079,78,60,22,16,34
6080,79,60,29,22,41
6081,80,60,29,22,39
6082,81,60,29,22,42
6083,82,60,30,25,43
6084,83,60,29,25,42
6085,84,60,29,27,42
6086,85,60,49,38,48
6087,86,60,59,43,47
6088,87,60,59,42,48
6089,88,60,51,39,51
6090,89,60,51,40,54
6091,90,60,54,42,57
6092,91,60,66,47,55
6093,92,60,104,70,56
6094,93,60,107,72,55
6095,94,60,109,76,59
6096,95,60,100,72,60
6097,96,60,77,56,61
6098,97,60,76,60,70
6099,98,60,81,67,78
6100,99,60,79,64,71
6101,0,61,82,63,68
6102,1,61,77,55,58
6103,2,61,82,56,54
6104,3,61,103,74,55
6105,4,61,136,102,61
6106,5,61,139,105,58
6107,6,61,144,110,62
6108,7,61,144,108,58
6109,8,61,150,113,60
6110,9,61,150,110,59
6111,10,61,153,113,59
6112,11,61,157,116,59
6113,12,61,158,117,59
6114,13,61,154,112,55
6115,14,61,157,113,54
6116,15,61,118,83,52
6117,16,61,60,41,47
6118,17,61,52,36,47
6119,18,61,53,38,47
6120,19,61,47,36,47
6121,20,61,44,34,48
6122,21,61,50,40,54
6123,22,61,48,38,52
6124,23,61,52,38,52
6125,24,61,47,35,48
6126,25,61,47,38,50
6127,26,61,48,39,50
6128,27,61,50,40,50
6129,28,61,54,39,47
6130,29,61,47,32,42
6131,30,61,52,38,41
6132,31,61,49,36,40
6133,32,61,50,36,39
6134,33,61,60,43,39
6135,34,61,52,36,38
6136,35,61,45,29,40
6137,36,61,46,32,38
6138,37,61,60,45,42
6139,38,61,56,41,39
6140,39,61,65,48,41
6141,40,61,64,46,40
6142,41,61,57,39,37
6143,42,61,57,39,39
6144,43,61,58,39,37
6145,44,61,73,54,41
6146,45,61,78,58,41
6147,46,61,81,59,38
6148,47,61,80,60,40
6149,48,61,69,51,39
6150,49,61,60,44,38
6151,50,61,57,42,39
6152,51,61,53,38,37
6153,52,61,49,37,36
6154,53,61,40,29,36
6155,54,61,27,19,34
6156,55,61,28,21,35
6157,56,61,33,25,37
6158,57,61,33,24,36
6159,58,61,33,25,34
6160,59,61,28,21,35
6161,60,61,30,23,35
6162,61,61,36,30,38
6163,62,61,30,25,35
6164,63,61,32,29,39
6165,64,61,39,34,40
6166,65,61,50,39,41
6167,66,61,65,46,38
6168,67,61,72,49,36
6169,68,61,77,50,39
6170,69,61,73,46,38
6171,70,61,93,62,38
6172,71,61,98,66,37
6173,72,61,80,51,35
6174,73,61,67,42,34
6175,74,61,43,25,30
6176,75,61,27,16,32
6177,76,61,26,18,34
6178,77,61,25,16,33
6179,78,61,25,17,34
6180,79,61,28,21,38
6181,80,61,28,21,39
6182,81,61,29,22,40
6183,82,61,29,25,43
6184,83,61,30,27,44
6185,84,61,29,27,44
6186,85,61,44,36,49
6187,86,61,64,44,47
6188,87,61,64,45,50
6189,88,61,55,41,52
6190,89,61,50,39,52
6191,90,61,54,42,56
6192,91,61,57,44,57
6193,92,61,93,65,57
6194,93,61,111,74,53
6195,94,61,114,79,55
6196,95,61,126,88,58
6197,96,61,116,80,59
6198,97,61,96,69,64
6199,98,61,92,71,70
6200,99,61,100,70,64
6201,0,62,114,85,75
6202,1,62,108,77,62
6203,2,62,117,81,56
6204,3,62,127,91,55
6205,4,62,130,93,56
6206,5,62,124,87,53
6207,6,62,132,97,59
6208,7,62,133,99,59
6209,8,62,134,100,59
6210,9,62,134,97,58
6211,10,62,137,100,57
6212,11,62,146,109,56
6213,12,62,144,104,56
6214,13,62,135,94,53
6215,14,62,125,87,53
6216,15,62,69,47,48
6217,16,62,52,38,48
6218,17,62,55,41,48
6219,18,62,53,42,51
6220,19,62,53,42,53
6221,20,62,55,44,55
6222,21,62,55,42,53
6223,22,62,53,38,48
6224,23,62,52,39,52
6225,24,62,51,38,50
6226,25,62,47,36,49
6227,26,62,42,36,51
6228,27,62,44,36,49
6229,28,62,56,40,48
6230,29,62,50,35,43
6231,30,62,46,34,41
6232,31,62,43,30,38
6233,32,62,49,35,39
6234,33,62,56,39,39
6235,34,62,54,37,40
6236,35,62,43,28,39
6237,36,62,48,35,40
6238,37,62,57,42,42
6239,38,62,55,39,39
6240,39,62,61,44,40
6241,40,62,58,41,40
6242,41,62,53,35,37
6243,42,62,56,37,39
6244,43,62,65,47,40
6245,44,62,73,54,43
6246,45,62,74,55,40
6247,46,62,77,57,40
6248,47,62,64,45,38
6249,48,62,58,41,36
6250,49,62,58,43,37
6251,50,62,58,44,40
6252,51,62,55,41,38
6253,52,62,42,30,37
6254,53,62,31,23,38
6255,54,62,29,21,36
6256,55,62,30,21,38
6257,56,62,30,21,35
6258,57,62,32,24,35
6259,58,62,27,20,34
6260,59,62,27,21,35
6261,60,62,34,27,37
6262,61,62,29,26,36
6263,62,62,28,24,36
6264,63,62,31,26,37
6265,64,62,46,38,39
6266,65,62,56,43,39
6267,66,62,66,47,36
6268,67,62,82,53,37
6269,68,62,69,43,34
6270,69,62,69,43,35
6271,70,62,76,49,37
6272,71,62,66,44,35
6273,72,62,56,37,35
6274,73,62,31,21,32
6275,74,62,24,15,31
6276,75,62,30,18,32
6277,76,62,34,20,33
6278,77,62,31,19,33
6279,78,62,28,15,33
6280,79,62,29,19,37
6281,80,62,30,22,41
6282,81,62,31,24,44
6283,82,62,29,26,43
6284,83,62,30,27,44
6285,84,62,32,29,48
6286,85,62,38,34,49
6287,86,62,60,44,51
6288,87,62,64,44,50
6289,88,62,61,46,55
6290,89,62,54,43,57
6291,90,62,56,44,59
6292,91,62,56,42,57
6293,92,62,72,50,56
6294,93,62,112,74,58
6295,94,62,114,76,55
6296,95,62,114,76,56
6297,96,62,122,83,55
6298,97,62,122,84,58
6299,98,62,116,81,62
6300,99,62,113,76,58
6301,0,63,98,82,83
6302,1,63,82,62,64
6303,2,63,80,58,57
6304,3,63,77,53,54
6305,4,63,82,57,54
6306,5,63,81,57,52
6307,6,63,86,64,55
6308,7,63,92,70,56
6309,8,63,96,72,56
6310,9,63,99,74,54
6311,10,63,98,73,54
6312,11,63,100,73,53
6313,12,63,99,73,55
6314,13,63,79,56,50
6315,14,63,64,45,51
6316,15,63,49,37,48
6317,16,63,52,39,49
6318,17,63,45,33,47
6319,18,63,49,38,51
6320,19,63,60,45,52
6321,20,63,62,45,50
6322,21,63,70,50,50
6323,22,63,65,45,48
6324,23,63,59,41,49
6325,24,63,52,37,46
6326,25,63,46,34,46
6327,26,63,40,31,49
6328,27,63,42,32,48
6329,28,63,49,37,49
6330,29,63,49,35,45
6331,30,63,44,33,41
6332,31,63,41,28,40
6333,32,63,48,33,42
6334,33,63,53,37,40
6335,34,63,54,38,40
6336,35,63,42,27,39
6337,36,63,43,30,40
6338,37,63,52,37,42
6339,38,63,53,37,41
6340,39,63,57,42,41
6341,40,63,52,37,40
6342,41,63,54,39,41
6343,42,63,62,45,42
6344,43,63,68,50,42
6345,44,63,66,47,38
6346,45,63,70,50,40
6347,46,63,68,48,41
6348,47,63,64,46,40
6349,48,63,61,44,38
6350,49,63,59,44,40
6351,50,63,59,45,41
6352,51,63,49,37,39
6353,52,63,32,24,39
6354,53,63,30,23,38
6355,54,63,32,23,37
6356,55,63,28,20,36
6357,56,63,28,21,35
6358,57,63,28,21,33
6359,58,63,25,21,33
6360,59,63,30,25,36
6361,60,63,30,24,37
6362,61,63,26,23,36
6363,62,63,28,25,37
6364,63,63,30,26,36
6365,64,63,45,36,39
6366,65,63,51,37,36
6367,66,63,62,43,35
6368,67,63,57,37,33
6369,68,63,53,33,33
6370,69,63,51,31,36
6371,70,63,45,29,36
6372,71,63,39,24,34
6373,72,63,32,22,35
6374,73,63,27,18,33
6375,74,63,25,13,30
6376,75,63,39,20,31
6377,76,63,39,21,33
6378,77,63,28,17,34
6379,78,63,32,17,35
6380,79,63,33,18,35
6381,80,63,32,22,39
6382,81,63,30,24,42
6383,82,63,30,27,44
6384,83,63,30,27,45
6385,84,63,31,29,48
6386,85,63,39,35,51
6387,86,63,46,38,51
6388,87,63,51,40,51
6389,88,63,47,38,51
6390,89,63,45,38,53
6391,90,63,47,40,55
6392,91,63,46,39,55
6393,92,63,49,41,58
6394,93,63,66,51,62
6395,94,63,73,53,60
6396,95,63,66,50,59
6397,96,63,68,50,58
6398,97,63,74,56,61
6399,98,63,80,61,66
6400,99,63,75,56,60
6401,0,64,85,76,82
6402,1,64,72,58,65
6403,2,64,71,53,56
6404,3,64,72,52,54
6405,4,64,75,55,53
6406,5,64,80,58,52
6407,6,64,82,62,54
6408,7,64,89,67,55
6409,8,64,95,71,54
6410,9,64,90,67,51
6411,10,64,86,63,49
6412,11,64,76,55,48
6413,12,64,65,47,49
6414,13,64,53,37,48
6415,14,64,51,38,49
6416,15,64,49,36,46
6417,16,64,46,35,49
6418,17,64,44,32,48
6419,18,64,50,36,50
6420,19,64,60,45,49
6421,20,64,64,44,45
6422,21,64,69,47,47
6423,22,64,70,48,46
6424,23,64,65,44,46
6425,24,64,58,39,45
6426,25,64,53,37,45
6427,26,64,48,35,46
6428,27,64,45,35,48
6429,28,64,46,34,47
6430,29,64,44,31,42
6431,30,64,42,32,42
6432,31,64,40,29,42
6433,32,64,42,30,41
6434,33,64,43,30,39
6435,34,64,47,35,40
6436,35,64,38,26,39
6437,36,64,43,31,40
6438,37,64,47,33,42
6439,38,64,48,34,41
6440,39,64,50,37,39
6441,40,64,47,34,38
6442,41,64,57,43,40
6443,42,64,65,49,42
6444,43,64,62,43,39
6445,44,64,69,51,42
6446,45,64,70,49,41
6447,46,64,64,44,38
6448,47,64,62,45,39
6449,48,64,59,43,39
6450,49,64,56,42,40
6451,50,64,47,35,39
6452,51,64,36,28,38
6453,52,64,33,26,41
6454,53,64,33,25,39
6455,54,64,33,24,37
6456,55,64,29,22,35
6457,56,64,29,21,34
6458,57,64,26,21,33
6459,58,64,28,22,34
6460,59,64,28,24,35
6461,60,64,21,19,34
6462,61,64,23,21,34
6463,62,64,24,22,35
6464,63,64,29,26,37
6465,64,64,39,30,36
6466,65,64,54,40,36
6467,66,64,50,35,33
6468,67,64,45,29,31
6469,68,64,47,29,33
6470,69,64,34,21,34
6471,70,64,26,17,33
6472,71,64,26,18,34
6473,72,64,25,17,34
6474,73,64,23,13,30
6475,74,64,29,16,32
6476,75,64,39,20,31
6477,76,64,39,22,33
6478,77,64,31,18,34
6479,78,64,34,18,34
6480,79,64,34,16,33
6481,80,64,32,21,37
6482,81,64,29,22,40
6483,82,64,28,25,41
6484,83,64,30,28,46
6485,84,64,31,28,46
6486,85,64,38,34,48
6487,86,64,42,36,48
6488,87,64,40,35,48
6489,88,64,38,34,49
6490,89,64,40,34,50
6491,90,64,43,36,52
6492,91,64,44,37,53
6493,92,64,45,38,54
6494,93,64,51,44,60
6495,94,64,58,47,60
6496,95,64,59,46,58
6497,96,64,62,47,57
6498,97,64,71,55,62
6499,98,64,77,59,65
6500,99,64,75,57,62
6501,0,65,95,80,78
6502,1,65,83,63,64
6503,2,65,80,60,56
6504,3,65,83,63,56
6505,4,65,85,62,56
6506,5,65,86,63,52
6507,6,65,85,63,52
6508,7,65,91,70,54
6509,8,65,94,73,56
6510,9,65,84,62,50
6511,10,65,74,55,49
6512,11,65,64,46,50
6513,12,65,56,36,47
6514,13,65,52,36,46
6515,14,65,55,40,47
6516,15,65,54,40,50
6517,16,65,50,40,52
6518,17,65,52,41,52
6519,18,65,58,42,50
6520,19,65,65,45,46
6521,20,65,71,49,44
6522,21,65,76,52,49
6523,22,65,75,52,48
6524,23,65,76,53,47
6525,24,65,67,46,46
6526,25,65,58,39,45
6527,26,65,53,36,45
6528,27,65,48,35,43
6529,28,65,48,32,42
6530,29,65,47,30,40
6531,30,65,32,21,37
6532,31,65,36,25,40
6533,32,65,35,24,39
6534,33,65,35,24,37
6535,34,65,39,27,38
6536,35,65,38,27,39
6537,36,65,45,33,42
6538,37,65,42,29,40
6539,38,65,47,35,40
6540,39,65,45,32,40
6541,40,65,44,32,37
6542,41,65,61,45,41
6543,42,65,61,42,39
6544,43,65,61,42,38
6545,44,65,68,49,41
6546,45,65,63,42,38
6547,46,65,66,45,38
6548,47,65,66,47,38
6549,48,65,53,39,39
6550,49,65,41,29,37
6551,50,65,37,27,37
6552,51,65,33,26,38
6553,52,65,34,26,38
6554,53,65,32,24,38
6555,54,65,33,23,37
6556,55,65,34,24,35
6557,56,65,32,23,36
6558,57,65,24,21,34
6559,58,65,23,19,32
6560,59,65,24,21,35
6561,60,65,19,17,34
6562,61,65,21,19,34
6563,62,65,27,24,35
6564,63,65,29,25,34
6565,64,65,37,29,34
6566,65,65,52,39,34
6567,66,65,48,33,31
6568,67,65,31,19,30
6569,68,65,23,16,31
6570,69,65,25,18,33
6571,70,65,24,16,32
6572,71,65,28,21,37
6573,72,65,27,16,33
6574,73,65,32,17,32
6575,74,65,39,19,32
6576,75,65,37,17,30
6577,76,65,35,18,32
6578,77,65,33,17,32
6579,78,65,30,15,33
6580,79,65,30,16,33
6581,80,65,34,20,35
6582,81,65,32,23,40
6583,82,65,28,23,40
6584,83,65,30,27,46
6585,84,65,30,28,46
6586,85,65,39,34,49
6587,86,65,44,33,46
6588,87,65,47,36,49
6589,88,65,42,34,50
6590,89,65,44,37,52
6591,90,65,45,39,53
6592,91,65,43,37,52
6593,92,65,46,39,55
6594,93,65,53,44,59
6595,94,65,62,47,59
6596,95,65,67,47,54
6597,96,65,72,49,55
6598,97,65,80,57,62
6599,98,65,83,61,63
6600,99,65,83,59,62
6601,0,66,100,81,79
6602,1,66,82,60,61
6603,2,66,80,56,54
6604,3,66,82,59,54
6605,4,66,81,60,55
6606,5,66,82,60,52
6607,6,66,83,63,53
6608,7,66,80,63,53
6609,8,66,67,51,51
6610,9,66,58,42,50
6611,10,66,53,38,51
6612,11,66,55,39,50
6613,12,66,58,42,50
6614,13,66,61,49,56
6615,14,66,58,47,55
6616,15,66,51,41,49
6617,16,66,56,46,55
6618,17,66,60,48,55
6619,18,66,66,48,51
6620,19,66,70,48,48
6621,20,66,76,52,48
6622,21,66,80,56,49
6623,22,66,80,56,47
6624,23,66,75,51,44
6625,24,66,70,47,43
6626,25,66,62,40,41
6627,26,66,54,34,40
6628,27,66,49,30,39
6629,28,66,47,28,38
6630,29,66,45,28,39
6631,30,66,30,18,35
6632,31,66,34,22,37
6633,32,66,35,22,38
6634,33,66,33,21,38
6635,34,66,38,26,40
6636,35,66,40,29,40
6637,36,66,47,36,42
6638,37,66,45,33,42
6639,38,66,43,31,40
6640,39,66,44,30,39
6641,40,66,48,34,40
6642,41,66,56,40,41
6643,42,66,60,41,40
6644,43,66,68,50,44
6645,44,66,68,48,39
6646,45,66,66,46,39
6647,46,66,63,45,38
6648,47,66,51,36,37
6649,48,66,40,27,36
6650,49,66,36,25,39
6651,50,66,33,23,37
6652,51,66,33,25,38
6653,52,66,33,25,38
6654,53,66,34,26,37
6655,54,66,36,26,37
6656,55,66,31,24,35
6657,56,66,30,23,36
6658,57,66,24,20,35
6659,58,66,23,19,35
6660,59,66,24,21,36
6661,60,66,23,19,35
6662,61,66,23,20,34
6663,62,66,27,23,35
6664,63,66,23,20,33
6665,64,66,37,30,34
6666,65,66,42,31,32
6667,66,66,28,19,31
6668,67,66,16,13,32
6669,68,66,16,13,33
6670,69,66,20,15,33
6671,70,66,21,14,33
6672,71,66,26,18,35
6673,72,66,32,19,36
6674,73,66,35,18,32
6675,74,66,38,20,30
6676,75,66,34,17,31
6677,76,66,30,15,31
6678,77,66,30,17,33
6679,78,66,30,16,34
6680,79,66,27,15,32
6681,80,66,28,16,31
6682,81,66,30,21,36
6683,82,66,26,19,36
6684,83,66,27,24,44
6685,84,66,32,29,48
6686,85,66,42,34,49
6687,86,66,44,34,47
6688,87,66,47,36,49
6689,88,66,42,34,48
6690,89,66,43,36,51
6691,90,66,47,40,55
6692,91,66,46,39,55
6693,92,66,46,39,55
6694,93,66,50,43,58
6695,94,66,60,47,58
6696,95,66,69,49,57
6697,96,66,77,53,58
6698,97,66,85,60,61
6699,98,66,90,64,62
6700,99,66,90,61,58
6701,0,67,89,74,75
6702,1,67,80,57,55
6703,2,67,80,56,53
6704,3,67,78,56,53
6705,4,67,74,54,51
6706,5,67,80,59,51
6707,6,67,79,59,54
6708,7,67,54,39,49
6709,8,67,53,39,50
6710,9,67,54,39,50
6711,10,67,49,36,49
6712,11,67,57,47,58
6713,12,67,60,46,53
6714,13,67,62,48,53
6715,14,67,60,43,49
6716,15,67,65,43,44
6717,16,67,67,44,45
6718,17,67,74,51,48
6719,18,67,75,50,48
6720,19,67,74,49,48
6721,20,67,80,53,47
6722,21,67,82,56,45
6723,22,67,81,55,44
6724,23,67,80,54,44
6725,24,67,63,39,40
6726,25,67,62,38,37
6727,26,67,59,35,35
6728,27,67,54,32,36
6729,28,67,47,27,36
6730,29,67,43,29,37
6731,30,67,34,22,37
6732,31,67,33,21,38
6733,32,67,38,24,38
6734,33,67,39,24,38
6735,34,67,36,24,39
6736,35,67,37,25,38
6737,36,67,42,31,39
6738,37,67,42,30,39
6739,38,67,37,26,39
6740,39,67,46,30,39
6741,40,67,51,35,41
6742,41,67,53,37,39
6743,42,67,69,51,43
6744,43,67,73,55,44
6745,44,67,68,51,41
6746,45,67,56,38,38
6747,46,67,49,33,39
6748,47,67,43,29,38
6749,48,67,39,27,37
6750,49,67,34,23,37
6751,50,67,32,21,36
6752,51,67,34,23,37
6753,52,67,32,25,37
6754,53,67,35,27,38
6755,54,67,35,25,37
6756,55,67,29,22,35
6757,56,67,29,23,36
6758,57,67,27,21,36
6759,58,67,23,19,37
6760,59,67,24,21,36
6761,60,67,21,18,34
6762,61,67,25,22,35
6763,62,67,25,21,34
6764,63,67,27,23,34
6765,64,67,30,25,32
6766,65,67,26,20,31
6767,66,67,16,13,33
6768,67,67,11,12,33
6769,68,67,12,11,31
6770,69,67,16,11,30
6771,70,67,22,13,33
6772,71,67,31,17,32
6773,72,67,42,22,33
6774,73,67,39,19,32
6775,74,67,38,18,30
6776,75,67,33,16,30
6777,76,67,24,12,30
6778,77,67,24,15,32
6779,78,67,25,15,33
6780,79,67,23,15,33
6781,80,67,26,15,31
6782,81,67,32,17,32
6783,82,67,30,18,33
6784,83,67,26,24,42
6785,84,67,31,26,45
6786,85,67,47,36,47
6787,86,67,44,37,50
6788,87,67,44,39,54
6789,88,67,41,37,51
6790,89,67,38,34,49
6791,90,67,43,37,53
6792,91,67,46,39,55
6793,92,67,49,40,56
6794,93,67,52,44,59
6795,94,67,61,49,61
6796,95,67,73,54,61
6797,96,67,77,55,62
6798,97,67,82,59,62
6799,98,67,85,61,62
6800,99,67,81,59,59
6801,0,68,89,70,70
6802,1,68,90,64,56
6803,2,68,86,60,53
6804,3,68,81,58,52
6805,4,68,72,51,49
6806,5,68,71,52,49
6807,6,68,56,43,52
6808,7,68,58,43,52
6809,8,68,56,39,49
6810,9,68,50,40,53
6811,10,68,54,43,51
6812,11,68,58,44,49
6813,12,68,63,43,49
6814,13,68,60,36,44
6815,14,68,68,42,45
6816,15,68,79,48,41
6817,16,68,70,41,42
6818,17,68,65,42,47
6819,18,68,59,37,44
6820,19,68,58,36,44
6821,20,68,59,37,44
6822,21,68,58,36,41
6823,22,68,60,35,40
6824,23,68,63,38,39
6825,24,68,63,39,41
6826,25,68,57,36,38
6827,26,68,60,38,38
6828,27,68,55,33,36
6829,28,68,52,30,37
6830,29,68,38,22,35
6831,30,68,35,22,37
6832,31,68,33,20,38
6833,32,68,42,24,37
6834,33,68,48,30,41
6835,34,68,37,24,39
6836,35,68,36,24,40
6837,36,68,36,24,38
6838,37,68,34,21,35
6839,38,68,38,25,37
6840,39,68,46,31,41
6841,40,68,52,36,40
6842,41,68,65,47,40
6843,42,68,70,53,42
6844,43,68,64,48,41
6845,44,68,53,37,38
6846,45,68,45,30,39
6847,46,68,43,27,39
6848,47,68,41,27,39
6849,48,68,35,23,36
6850,49,68,33,22,36
6851,50,68,31,20,35
6852,51,68,33,22,36
6853,52,68,33,26,38
6854,53,68,37,27,38
6855,54,68,33,23,36
6856,55,68,29,23,36
6857,56,68,29,23,38
6858,57,68,30,24,37
6859,58,68,26,22,39
6860,59,68,22,19,36
6861,60,68,21,18,35
6862,61,68,26,24,37
6863,62,68,26,22,35
6864,63,68,35,29,39
6865,64,68,25,21,33
6866,65,68,19,17,31
6867,66,68,12,11,32
6868,67,68,13,12,32
6869,68,68,16,12,30
6870,69,68,21,12,30
6871,70,68,27,14,30
6872,71,68,37,19,32
6873,72,68,42,21,33
6874,73,68,44,20,30
6875,74,68,44,20,31
6876,75,68,37,17,29
6877,76,68,42,18,29
6878,77,68,40,19,31
6879,78,68,37,21,33
6880,79,68,30,19,33
6881,80,68,22,14,31
6882,81,68,30,17,34
6883,82,68,31,17,33
6884,83,68,28,23,41
6885,84,68,29,26,44
6886,85,68,39,32,46
6887,86,68,46,37,49
6888,87,68,44,36,51
6889,88,68,40,33,48
6890,89,68,39,32,48
6891,90,68,42,36,50
6892,91,68,45,38,53
6893,92,68,47,37,54
6894,93,68,53,44,58
6895,94,68,61,47,59
6896,95,68,78,56,60
6897,96,68,88,62,62
6898,97,68,81,58,61
6899,98,68,89,64,65
6900,99,68,95,69,66
6901,0,69,98,76,70
6902,1,69,93,65,55
6903,2,69,88,59,52
6904,3,69,79,51,48
6905,4,69,75,50,48
6906,5,69,53,37,49
6907,6,69,61,44,52
6908,7,69,58,41,50
6909,8,69,54,40,51
6910,9,69,61,46,51
6911,10,69,59,43,48
6912,11,69,48,31,44
6913,12,69,51,31,44
6914,13,69,54,32,45
6915,14,69,53,33,47
6916,15,69,51,34,46
6917,16,69,44,28,44
6918,17,69,43,25,42
6919,18,69,43,26,40
6920,19,69,45,29,40
6921,20,69,52,36,43
6922,21,69,54,37,43
6923,22,69,46,30,41
6924,23,69,41,26,42
6925,24,69,41,27,42
6926,25,69,45,28,40
6927,26,69,51,32,39
6928,27,69,50,31,37
6929,28,69,49,28,38
6930,29,69,37,21,37
6931,30,69,31,18,37
6932,31,69,32,19,39
6933,32,69,40,23,40
6934,33,69,39,25,40
6935,34,69,36,24,41
6936,35,69,36,23,41
6937,36,69,35,22,39
6938,37,69,33,20,36
6939,38,69,43,29,39
6940,39,69,52,38,42
6941,40,69,61,44,41
6942,41,69,61,45,40
6943,42,69,54,39,39
6944,43,69,51,35,39
6945,44,69,51,34,41
6946,45,69,44,29,39
6947,46,69,46,30,41
6948,47,69,42,28,40
6949,48,69,34,22,37
6950,49,69,36,24,38
6951,50,69,33,21,38
6952,51,69,33,23,38
6953,52,69,32,23,38
6954,53,69,34,23,37
6955,54,69,30,22,36
6956,55,69,26,20,35
6957,56,69,29,22,38
6958,57,69,28,22,37
6959,58,69,25,21,37
6960,59,69,22,18,37
6961,60,69,21,18,36
6962,61,69,20,18,35
6963,62,69,28,24,36
6964,63,69,28,24,36
6965,64,69,21,19,34
6966,65,69,16,14,34
6967,66,69,15,14,35
6968,67,69,17,14,34
6969,68,69,20,13,32
6970,69,69,22,12,32
6971,70,69,31,15,33
6972,71,69,34,16,31
6973,72,69,37,18,33
6974,73,69,40,17,32
6975,74,69,42,19,31
6976,75,69,41,18,30
6977,76,69,49,21,28
6978,77,69,54,25,31
6979,78,69,44,22,31
6980,79,69,36,19,31
6981,80,69,28,15,32
6982,81,69,25,15,35
6983,82,69,25,15,33
6984,83,69,30,20,37
6985,84,69,29,24,42
6986,85,69,33,30,47
6987,86,69,33,29,47
6988,87,69,35,29,47
6989,88,69,37,29,47
6990,89,69,40,32,49
6991,90,69,42,35,51
6992,91,69,43,37,54
6993,92,69,45,40,57
6994,93,69,51,42,57
6995,94,69,56,43,58
6996,95,69,74,52,57
6997,96,69,93,65,62
6998,97,69,87,64,65
6999,98,69,92,66,65
7000,99,69,99,72,70
7001,0,70,105,81,69
7002,1,70,88,58,52
7003,2,70,78,50,50
7004,3,70,66,43,47
7005,4,70,54,36,47
7006,5,70,49,34,48
7007,6,70,56,40,52
7008,7,70,58,43,52
7009,8,70,67,47,53
7010,9,70,61,41,47
7011,10,70,49,34,48
7012,11,70,49,27,42
7013,12,70,60,33,41
7014,13,70,49,29,46
7015,14,70,65,41,47
7016,15,70,74,45,44
7017,16,70,66,35,38
7018,17,70,70,37,36
7019,18,70,76,42,36
7020,19,70,82,47,36
7021,20,70,84,51,36
7022,21,70,74,42,37
7023,22,70,62,34,37
7024,23,70,54,29,37
7025,24,70,45,26,40
7026,25,70,38,25,40
7027,26,70,53,34,42
7028,27,70,53,33,39
7029,28,70,43,26,37
7030,29,70,39,22,36
7031,30,70,32,19,38
7032,31,70,32,20,41
7033,32,70,34,21,40
7034,33,70,35,22,41
7035,34,70,33,20,40
7036,35,70,30,18,36
7037,36,70,33,19,37
7038,37,70,36,23,38
7039,38,70,45,31,39
7040,39,70,52,36,40
7041,40,70,50,35,39
7042,41,70,48,33,39
7043,42,70,49,34,40
7044,43,70,47,32,37
7045,44,70,48,32,38
7046,45,70,46,30,39
7047,46,70,42,28,41
7048,47,70,37,25,39
7049,48,70,35,22,38
7050,49,70,32,21,37
7051,50,70,31,20,36
7052,51,70,32,23,38
7053,52,70,26,20,34
7054,53,70,23,16,33
7055,54,70,27,20,36
7056,55,70,26,19,35
7057,56,70,28,21,37
7058,57,70,26,21,36
7059,58,70,21,18,34
7060,59,70,19,16,36
7061,60,70,17,15,34
7062,61,70,20,19,34
7063,62,70,22,19,34
7064,63,70,19,16,33
7065,64,70,18,16,32
7066,65,70,16,15,33
7067,66,70,15,13,35
7068,67,70,17,15,33
7069,68,70,19,14,33
7070,69,70,21,13,33
7071,70,70,27,14,32
7072,71,70,32,14,31
7073,72,70,37,17,31
7074,73,70,35,16,32
7075,74,70,33,15,30
7076,75,70,39,17,28
7077,76,70,47,22,29
7078,77,70,49,26,33
7079,78,70,42,21,32
7080,79,70,33,18,31
7081,80,70,27,15,31
7082,81,70,22,12,32
7083,82,70,22,13,33
7084,83,70,27,18,36
7085,84,70,33,23,40
7086,85,70,39,30,47
7087,86,70,33,26,44
7088,87,70,34,29,46
7089,88,70,36,29,47
7090,89,70,36,30,46
7091,90,70,40,33,48
7092,91,70,40,37,54
7093,92,70,43,39,56
7094,93,70,46,36,54
7095,94,70,51,39,56
7096,95,70,67,50,58
7097,96,70,94,64,60
7098,97,70,93,65,62
7099,98,70,92,66,66
7100,99,70,90,70,68
7101,0,71,105,80,70
7102,1,71,90,60,54
7103,2,71,73,48,50
7104,3,71,59,41,49
7105,4,71,44,31,47
7106,5,71,45,33,48
7107,6,71,49,37,51
7108,7,71,56,42,54
7109,8,71,57,38,50
7110,9,71,51,34,48
7111,10,71,47,31,46
7112,11,71,71,40,43
7113,12,71,69,38,41
7114,13,71,81,49,44
7115,14,71,100,59,42
7116,15,71,113,70,42
7117,16,71,120,72,40
7118,17,71,104,57,35
7119,18,71,85,44,33
7120,19,71,82,45,35
7121,20,71,92,53,36
7122,21,71,95,54,37
7123,22,71,107,64,38
7124,23,71,93,52,36
7125,24,71,68,35,36
7126,25,71,45,25,39
7127,26,71,37,24,41
7128,27,71,41,27,39
7129,28,71,47,29,38
7130,29,71,35,20,37
7131,30,71,30,19,37
7132,31,71,33,22,41
7133,32,71,34,22,42
7134,33,71,35,21,41
7135,34,71,37,21,39
7136,35,71,33,19,36
7137,36,71,37,24,36
7138,37,71,39,26,36
7139,38,71,39,26,38
7140,39,71,36,23,37
7141,40,71,44,29,39
7142,41,71,46,31,39
7143,42,71,45,30,39
7144,43,71,43,28,38
7145,44,71,42,27,36
7146,45,71,39,25,38
7147,46,71,37,23,38
7148,47,71,35,21,38
7149,48,71,33,21,37
7150,49,71,32,21,37
7151,50,71,33,21,38
7152,51,71,29,21,36
7153,52,71,25,18,35
7154,53,71,22,17,34
7155,54,71,26,22,36
7156,55,71,27,22,36
7157,56,71,27,21,37
7158,57,71,22,19,37
7159,58,71,18,15,36
7160,59,71,16,14,35
7161,60,71,18,16,35
7162,61,71,22,20,36
7163,62,71,17,15,34
7164,63,71,16,14,35
7165,64,71,16,14,32
7166,65,71,14,12,30
7167,66,71,14,12,34
7168,67,71,14,13,34
7169,68,71,15,12,33
7170,69,71,23,14,32
7171,70,71,31,16,32
7172,71,71,42,19,31
7173,72,71,42,21,33
7174,73,71,38,17,32
7175,74,71,32,14,31
7176,75,71,31,12,30
7177,76,71,32,12,29
7178,77,71,33,13,31
7179,78,71,29,14,33
7180,79,71,27,14,34
7181,80,71,25,14,33
7182,81,71,21,14,36
7183,82,71,20,14,36
7184,83,71,21,17,37
7185,84,71,29,22,40
7186,85,71,34,25,42
7187,86,71,28,22,41
7188,87,71,33,30,47
7189,88,71,35,31,47
7190,89,71,36,31,48
7191,90,71,36,30,47
7192,91,71,41,36,53
7193,92,71,38,34,52
7194,93,71,36,31,49
7195,94,71,40,35,53
7196,95,71,53,42,57
7197,96,71,73,51,59
7198,97,71,80,57,59
7199,98,71,83,60,63
7200,99,71,91,72,70
7201,0,72,101,74,63
7202,1,72,81,56,55
7203,2,72,69,46,51
7204,3,72,52,37,50
7205,4,72,42,31,50
7206,5,72,52,36,53
7207,6,72,51,38,53
7208,7,72,50,36,51
7209,8,72,53,36,49
7210,9,72,44,29,47
7211,10,72,52,31,45
7212,11,72,76,44,42
7213,12,72,87,51,43
7214,13,72,94,53,42
7215,14,72,93,50,41
7216,15,72,117,70,43
7217,16,72,94,50,38
7218,17,72,77,39,34
7219,18,72,103,63,38
7220,19,72,112,70,38
7221,20,72,97,58,39
7222,21,72,95,55,39
7223,22,72,98,58,40
7224,23,72,85,46,37
7225,24,72,74,40,37
7226,25,72,66,34,37
7227,26,72,59,30,38
7228,27,72,42,23,41
7229,28,72,35,21,40
7230,29,72,28,18,40
7231,30,72,30,19,38
7232,31,72,34,21,40
7233,32,72,31,19,40
7234,33,72,35,20,39
7235,34,72,36,21,39
7236,35,72,35,20,39
7237,36,72,44,28,39
7238,37,72,49,32,39
7239,38,72,38,25,38
7240,39,72,34,22,38
7241,40,72,39,27,40
7242,41,72,38,26,40
7243,42,72,36,24,39
7244,43,72,35,22,38
7245,44,72,33,20,37
7246,45,72,34,20,39
7247,46,72,35,22,40
7248,47,72,34,22,39
7249,48,72,31,21,37
7250,49,72,29,19,36
7251,50,72,29,21,39
7252,51,72,26,19,37
7253,52,72,27,20,38
7254,53,72,25,19,37
7255,54,72,27,21,36
7256,55,72,27,22,36
7257,56,72,23,19,35
7258,57,72,18,16,35
7259,58,72,15,13,35
7260,59,72,14,13,34
7261,60,72,19,18,36
7262,61,72,19,17,37
7263,62,72,15,14,35
7264,63,72,16,14,36
7265,64,72,16,15,36
7266,65,72,17,16,34
7267,66,72,13,12,33
7268,67,72,19,17,36
7269,68,72,26,18,34
7270,69,72,32,20,34
7271,70,72,30,16,33
7272,71,72,26,13,31
7273,72,72,31,16,31
7274,73,72,33,19,33
7275,74,72,35,17,34
7276,75,72,35,16,32
7277,76,72,36,16,31
7278,77,72,32,12,30
7279,78,72,29,13,32
7280,79,72,32,17,34
7281,80,72,29,16,34
7282,81,72,30,18,37
7283,82,72,23,16,35
7284,83,72,19,17,38
7285,84,72,22,19,42
7286,85,72,28,24,46
7287,86,72,26,21,41
7288,87,72,33,26,44
7289,88,72,36,28,45
7290,89,72,33,27,44
7291,90,72,32,28,45
7292,91,72,35,30,48
7293,92,72,39,36,53
7294,93,72,40,36,54
7295,94,72,39,35,53
7296,95,72,45,38,56
7297,96,72,55,42,56
7298,97,72,63,50,62
7299,98,72,71,57,66
7300,99,72,88,68,70
7301,0,73,94,68,61
7302,1,73,74,52,55
7303,2,73,70,46,53
7304,3,73,52,36,52
7305,4,73,40,31,52
7306,5,73,47,37,53
7307,6,73,48,38,54
7308,7,73,48,35,51
7309,8,73,48,33,50
7310,9,73,33,23,45
7311,10,73,52,31,48
7312,11,73,75,47,47
7313,12,73,80,46,42
7314,13,73,92,53,43
7315,14,73,104,62,42
7316,15,73,104,62,39
7317,16,73,114,75,41
7318,17,73,143,101,43
7319,18,73,121,76,40
7320,19,73,93,49,35
7321,20,73,102,61,39
7322,21,73,119,78,44
7323,22,73,111,68,42
7324,23,73,107,64,37
7325,24,73,111,68,37
7326,25,73,127,81,38
7327,26,73,92,54,38
7328,27,73,68,41,43
7329,28,73,74,49,43
7330,29,73,88,63,47
7331,30,73,105,80,52
7332,31,73,120,91,56
7333,32,73,120,87,52
7334,33,73,109,76,49
7335,34,73,90,61,44
7336,35,73,69,45,40
7337,36,73,50,31,39
7338,37,73,40,25,39
7339,38,73,35,23,38
7340,39,73,35,24,41
7341,40,73,35,24,40
7342,41,73,33,21,39
7343,42,73,33,20,39
7344,43,73,32,21,40
7345,44,73,31,20,40
7346,45,73,31,19,40
7347,46,73,29,18,38
7348,47,73,29,19,39
7349,48,73,29,21,40
7350,49,73,27,20,41
7351,50,73,28,20,40
7352,51,73,28,21,39
7353,52,73,29,23,38
7354,53,73,28,21,38
7355,54,73,23,18,37
7356,55,73,22,20,38
7357,56,73,18,15,35
7358,57,73,15,13,35
7359,58,73,14,12,34
7360,59,73,14,12,34
7361,60,73,17,15,36
7362,61,73,17,15,36
7363,62,73,18,16,38
7364,63,73,18,16,38
7365,64,73,18,16,38
7366,65,73,18,16,37
7367,66,73,17,15,35
7368,67,73,24,18,35
7369,68,73,24,14,33
7370,69,73,28,16,36
7371,70,73,28,17,37
7372,71,73,24,12,33
7373,72,73,29,14,34
7374,73,73,33,17,34
7375,74,73,42,19,35
7376,75,73,40,17,33
7377,76,73,40,17,34
7378,77,73,31,12,31
7379,78,73,27,12,32
7380,79,73,31,16,35
7381,80,73,29,15,34
7382,81,73,28,16,35
7383,82,73,25,17,35
7384,83,73,18,14,35
7385,84,73,21,17,40
7386,85,73,26,22,45
7387,86,73,26,22,42
7388,87,73,34,29,47
7389,88,73,40,32,49
7390,89,73,34,26,43
7391,90,73,39,30,46
7392,91,73,39,30,48
7393,92,73,39,33,52
7394,93,73,37,33,53
7395,94,73,37,33,54
7396,95,73,42,34,54
7397,96,73,46,36,53
7398,97,73,51,43,58
7399,98,73,58,53,66
7400,99,73,70,59,70
7401,0,74,99,73,62
7402,1,74,74,49,54
7403,2,74,58,39,53
7404,3,74,45,33,53
7405,4,74,43,33,53
7406,5,74,48,38,55
7407,6,74,47,37,54
7408,7,74,48,36,53
7409,8,74,39,29,50
7410,9,74,30,21,45
7411,10,74,59,37,45
7412,11,74,74,46,44
7413,12,74,80,48,46
7414,13,74,113,72,42
7415,14,74,122,79,39
7416,15,74,120,79,42
7417,16,74,126,85,46
7418,17,74,105,65,40
7419,18,74,85,44,36
7420,19,74,112,69,39
7421,20,74,119,76,42
7422,21,74,97,59,42
7423,22,74,112,72,47
7424,23,74,109,67,40
7425,24,74,130,85,43
7426,25,74,102,66,43
7427,26,74,113,77,46
7428,27,74,140,102,50
7429,28,74,178,136,63
7430,29,74,206,164,75
7431,30,74,217,174,80
7432,31,74,218,173,80
7433,32,74,210,163,72
7434,33,74,202,154,70
7435,34,74,189,141,63
7436,35,74,174,127,59
7437,36,74,152,111,54
7438,37,74,130,92,50
7439,38,74,96,65,45
7440,39,74,64,42,43
7441,40,74,42,27,41
7442,41,74,34,21,41
7443,42,74,28,15,39
7444,43,74,30,17,39
7445,44,74,28,17,40
7446,45,74,28,16,40
7447,46,74,26,15,40
7448,47,74,23,16,38
7449,48,74,24,17,40
7450,49,74,26,18,41
7451,50,74,25,17,38
7452,51,74,30,23,41
7453,52,74,27,22,39
7454,53,74,24,20,39
7455,54,74,24,18,41
7456,55,74,19,16,37
7457,56,74,16,14,35
7458,57,74,12,11,35
7459,58,74,12,10,34
7460,59,74,15,13,36
7461,60,74,16,14,36
7462,61,74,18,17,37
7463,62,74,17,16,35
7464,63,74,19,17,37
7465,64,74,18,16,37
7466,65,74,20,17,37
7467,66,74,19,16,36
7468,67,74,17,15,37
7469,68,74,19,15,38
7470,69,74,24,13,36
7471,70,74,28,15,36
7472,71,74,31,15,35
7473,72,74,36,17,34
7474,73,74,42,19,35
7475,74,74,47,22,34
7476,75,74,43,19,32
7477,76,74,35,15,33
7478,77,74,31,13,33
7479,78,74,28,13,33
7480,79,74,24,13,35
7481,80,74,19,13,35
7482,81,74,17,11,36
7483,82,74,19,13,36
7484,83,74,21,16,38
7485,84,74,22,18,41
7486,85,74,28,24,47
7487,86,74,28,22,44
7488,87,74,33,25,46
7489,88,74,37,29,47
7490,89,74,36,27,46
7491,90,74,38,30,49
7492,91,74,37,29,49
7493,92,74,36,27,49
7494,93,74,37,31,53
7495,94,74,39,36,57
7496,95,74,43,37,56
7497,96,74,46,36,53
7498,97,74,54,48,65
7499,98,74,53,49,66
7500,99,74,70,58,70
7501,0,75,99,71,63
7502,1,75,64,42,53
7503,2,75,52,35,55
7504,3,75,46,35,57
7505,4,75,46,34,55
7506,5,75,47,36,55
7507,6,75,42,35,55
7508,7,75,44,35,56
7509,8,75,42,32,54
7510,9,75,34,24,49
7511,10,75,53,33,46
7512,11,75,63,37,44
7513,12,75,76,44,43
7514,13,75,108,68,42
7515,14,75,119,76,42
7516,15,75,98,63,44
7517,16,75,88,48,42
7518,17,75,93,52,40
7519,18,75,127,85,44
7520,19,75,117,78,44
7521,20,75,78,40,37
7522,21,75,104,63,42
7523,22,75,102,62,41
7524,23,75,100,58,40
7525,24,75,85,48,41
7526,25,75,104,70,47
7527,26,75,144,104,53
7528,27,75,180,140,67
7529,28,75,208,166,78
7530,29,75,209,167,78
7531,30,75,216,172,82
7532,31,75,216,172,82
7533,32,75,210,166,79
7534,33,75,206,162,77
7535,34,75,201,155,71
7536,35,75,194,148,66
7537,36,75,193,147,67
7538,37,75,190,143,65
7539,38,75,180,132,60
7540,39,75,168,120,59
7541,40,75,153,110,56
7542,41,75,133,96,54
7543,42,75,109,76,51
7544,43,75,75,48,44
7545,44,75,40,22,40
7546,45,75,27,14,40
7547,46,75,27,15,41
7548,47,75,26,18,41
7549,48,75,27,20,43
7550,49,75,28,20,43
7551,50,75,27,19,42
7552,51,75,29,21,43
7553,52,75,25,20,42
7554,53,75,24,19,41
7555,54,75,25,20,39
7556,55,75,22,18,39
7557,56,75,17,14,38
7558,57,75,12,11,37
7559,58,75,10,10,34
7560,59,75,15,14,37
7561,60,75,16,14,37
7562,61,75,17,15,36
7563,62,75,16,14,36
7564,63,75,15,13,36
7565,64,75,16,14,36
7566,65,75,18,16,36
7567,66,75,18,16,37
7568,67,75,16,13,36
7569,68,75,17,13,36
7570,69,75,25,16,36
7571,70,75,30,17,39
7572,71,75,34,19,40
7573,72,75,35,17,37
7574,73,75,38,19,39
7575,74,75,40,21,38
7576,75,75,41,21,35
7577,76,75,35,15,35
7578,77,75,29,13,35
7579,78,75,28,13,36
7580,79,75,22,13,36
7581,80,75,20,15,39
7582,81,75,22,16,41
7583,82,75,21,15,39
7584,83,75,25,21,44
7585,84,75,27,24,46
7586,85,75,29,25,47
7587,86,75,29,25,48
7588,87,75,38,29,49
7589,88,75,39,28,47
7590,89,75,43,29,50
7591,90,75,39,27,48
7592,91,75,36,28,52
7593,92,75,34,26,51
7594,93,75,41,31,52
7595,94,75,47,36,56
7596,95,75,45,35,56
7597,96,75,52,41,59
7598,97,75,50,44,61
7599,98,75,54,48,67
7600,99,75,71,58,71
7601,0,76,93,67,62
7602,1,76,63,41,55
7603,2,76,51,37,56
7604,3,76,44,35,57
7605,4,76,43,34,57
7606,5,76,44,33,56
7607,6,76,47,35,55
7608,7,76,45,36,56
7609,8,76,35,27,53
7610,9,76,35,26,51
7611,10,76,44,30,48
7612,11,76,57,37,48
7613,12,76,77,48,45
7614,13,76,98,60,44
7615,14,76,99,61,45
7616,15,76,71,41,43
7617,16,76,102,60,40
7618,17,76,116,73,46
7619,18,76,84,49,42
7620,19,76,67,36,42
7621,20,76,88,53,43
7622,21,76,90,48,41
7623,22,76,94,55,43
7624,23,76,81,44,40
7625,24,76,86,51,43
7626,25,76,125,89,51
7627,26,76,140,102,54
7628,27,76,189,148,73
7629,28,76,196,153,74
7630,29,76,200,158,76
7631,30,76,206,163,80
7632,31,76,203,159,76
7633,32,76,200,155,73
7634,33,76,201,157,76
7635,34,76,202,157,74
7636,35,76,200,155,70
7637,36,76,197,154,71
7638,37,76,193,150,70
7639,38,76,189,142,66
7640,39,76,186,139,64
7641,40,76,186,139,66
7642,41,76,191,143,67
7643,42,76,192,142,65
7644,43,76,177,125,59
7645,44,76,138,91,51
7646,45,76,76,46,42
7647,46,76,39,23,41
7648,47,76,26,17,41
7649,48,76,21,16,43
7650,49,76,24,19,44
7651,50,76,28,20,44
7652,51,76,26,19,43
7653,52,76,25,21,42
7654,53,76,26,22,42
7655,54,76,28,23,40
7656,55,76,21,17,39
7657,56,76,17,14,39
7658,57,76,14,13,39
7659,58,76,13,12,36
7660,59,76,14,12,37
7661,60,76,14,12,38
7662,61,76,14,12,37
7663,62,76,16,13,39
7664,63,76,17,14,38
7665,64,76,16,14,37
7666,65,76,17,15,37
7667,66,76,18,16,38
7668,67,76,18,15,37
7669,68,76,16,13,35
7670,69,76,15,13,37
7671,70,76,19,14,39
7672,71,76,25,15,40
7673,72,76,28,15,39
7674,73,76,32,17,39
7675,74,76,35,16,38
7676,75,76,38,20,39
7677,76,76,33,16,37
7678,77,76,27,14,38
7679,78,76,27,14,39
7680,79,76,24,13,38
7681,80,76,23,15,41
7682,81,76,33,27,49
7683,82,76,37,32,54
7684,83,76,28,25,48
7685,84,76,25,21,45
7686,85,76,25,23,47
7687,86,76,33,30,51
7688,87,76,46,40,59
7689,88,76,35,28,49
7690,89,76,40,29,49
7691,90,76,41,30,50
7692,91,76,41,32,55
7693,92,76,40,28,50
7694,93,76,41,30,52
7695,94,76,45,37,59
7696,95,76,49,37,58
7697,96,76,52,40,59
7698,97,76,51,41,59
7699,98,76,55,47,64
7700,99,76,75,60,68
7701,0,77,98,70,58
7702,1,77,63,40,50
7703,2,77,49,35,54
7704,3,77,43,35,56
7705,4,77,42,32,54
7706,5,77,47,32,51
7707,6,77,47,34,50
7708,7,77,46,32,50
7709,8,77,33,24,48
7710,9,77,35,25,50
7711,10,77,26,19,44
7712,11,77,47,33,48
7713,12,77,65,40,47
7714,13,77,67,37,43
7715,14,77,59,34,43
7716,15,77,72,41,42
7717,16,77,114,69,43
7718,17,77,86,47,39
7719,18,77,72,38,40
7720,19,77,71,38,38
7721,20,77,84,47,39
7722,21,77,91,50,37
7723,22,77,96,58,43
7724,23,77,77,44,43
7725,24,77,95,58,46
7726,25,77,109,71,45
7727,26,77,133,94,52
7728,27,77,177,133,65
7729,28,77,183,137,66
7730,29,77,186,141,67
7731,30,77,189,145,70
7732,31,77,187,143,69
7733,32,77,187,141,67
7734,33,77,191,146,68
7735,34,77,196,150,68
7736,35,77,198,153,69
7737,36,77,197,153,70
7738,37,77,196,152,70
7739,38,77,195,149,67
7740,39,77,191,144,64
7741,40,77,188,142,65
7742,41,77,187,140,64
7743,42,77,186,137,61
7744,43,77,182,131,59
7745,44,77,178,124,57
7746,45,77,165,112,53
7747,46,77,149,102,51
7748,47,77,122,83,47
7749,48,77,80,56,44
7750,49,77,45,33,41
7751,50,77,25,18,40
7752,51,77,19,16,40
7753,52,77,18,16,40
7754,53,77,20,17,39
7755,54,77,18,16,37
7756,55,77,15,14,37
7757,56,77,15,13,36
7758,57,77,12,11,34
7759,58,77,12,12,35
7760,59,77,14,12,35
7761,60,77,11,10,35
7762,61,77,11,10,34
7763,62,77,15,13,35
7764,63,77,17,16,37
7765,64,77,15,14,36
7766,65,77,10,10,34
7767,66,77,10,10,33
7768,67,77,11,11,34
7769,68,77,11,10,33
7770,69,77,10,9,33
7771,70,77,13,10,35
7772,71,77,18,13,37
7773,72,77,20,10,35
7774,73,77,25,13,35
7775,74,77,32,16,37
7776,75,77,40,20,38
7777,76,77,34,16,35
7778,77,77,25,12,34
7779,78,77,25,13,36
7780,79,77,24,13,35
7781,80,77,27,15,36
7782,81,77,30,22,43
7783,82,77,31,25,46
7784,83,77,24,18,41
7785,84,77,31,25,43
7786,85,77,33,26,46
7787,86,77,38,28,49
7788,87,77,38,30,51
7789,88,77,37,27,47
7790,89,77,35,29,49
7791,90,77,36,31,53
7792,91,77,40,33,55
7793,92,77,38,28,48
7794,93,77,44,31,50
7795,94,77,44,38,58
7796,95,77,45,37,57
7797,96,77,50,37,54
7798,97,77,50,38,55
7799,98,77,52,45,62
7800,99,77,70,56,65
7801,0,78,98,69,59
7802,1,78,61,39,51
7803,2,78,45,32,51
7804,3,78,43,36,55
7805,4,78,42,33,50
7806,5,78,51,34,49
7807,6,78,51,33,50
7808,7,78,43,30,49
7809,8,78,36,27,48
7810,9,78,30,22,46
7811,10,78,21,17,42
7812,11,78,36,23,43
7813,12,78,49,28,41
7814,13,78,54,30,41
7815,14,78,52,29,42
7816,15,78,57,31,41
7817,16,78,78,42,41
7818,17,78,63,34,39
7819,18,78,63,34,37
7820,19,78,77,41,37
7821,20,78,71,40,39
7822,21,78,81,48,38
7823,22,78,78,49,44
7824,23,78,69,42,43
7825,24,78,91,55,42
7826,25,78,96,56,41
7827,26,78,109,68,46
7828,27,78,151,105,56
7829,28,78,161,115,58
7830,29,78,162,115,56
7831,30,78,162,116,57
7832,31,78,166,120,59
7833,32,78,171,124,59
7834,33,78,178,131,62
7835,34,78,184,138,64
7836,35,78,188,142,64
7837,36,78,190,145,66
7838,37,78,193,147,67
7839,38,78,195,148,66
7840,39,78,194,148,64
7841,40,78,191,145,63
7842,41,78,191,144,62
7843,42,78,191,142,61
7844,43,78,192,141,60
7845,44,78,190,138,58
7846,45,78,194,142,59
7847,46,78,197,145,61
7848,47,78,187,132,55
7849,48,78,176,124,50
7850,49,78,155,107,49
7851,50,78,113,73,41
7852,51,78,74,45,41
7853,52,78,53,32,38
7854,53,78,26,19,36
7855,54,78,15,15,37
7856,55,78,13,12,34
7857,56,78,9,8,32
7858,57,78,7,7,33
7859,58,78,6,7,33
7860,59,78,10,10,34
7861,60,78,11,11,35
7862,61,78,9,9,32
7863,62,78,14,12,34
7864,63,78,19,15,34
7865,64,78,25,18,32
7866,65,78,35,24,33
7867,66,78,34,23,30
7868,67,78,30,21,32
7869,68,78,26,16,31
7870,69,78,26,12,30
7871,70,78,26,11,28
7872,71,78,31,15,32
7873,72,78,22,11,31
7874,73,78,16,10,34
7875,74,78,18,11,34
7876,75,78,27,15,35
7877,76,78,30,16,35
7878,77,78,26,13,34
7879,78,78,28,13,35
7880,79,78,25,13,36
7881,80,78,20,16,39
7882,81,78,21,17,40
7883,82,78,24,19,41
7884,83,78,43,41,59
7885,84,78,38,35,52
7886,85,78,34,27,46
7887,86,78,37,26,45
7888,87,78,37,27,45
7889,88,78,36,28,46
7890,89,78,29,24,47
7891,90,78,41,34,53
7892,91,78,46,40,58
7893,92,78,27,24,45
7894,93,78,42,34,53
7895,94,78,47,38,55
7896,95,78,46,39,57
7897,96,78,46,34,53
7898,97,78,42,32,50
7899,98,78,50,41,59
7900,99,78,67,50,62
7901,0,79,88,61,63
7902,1,79,61,40,53
7903,2,79,40,30,53
7904,3,79,36,30,54
7905,4,79,36,26,47
7906,5,79,38,24,45
7907,6,79,37,27,48
7908,7,79,39,30,50
7909,8,79,35,26,49
7910,9,79,27,22,47
7911,10,79,21,18,45
7912,11,79,23,19,44
7913,12,79,37,23,43
7914,13,79,46,27,41
7915,14,79,48,29,42
7916,15,79,48,29,42
7917,16,79,55,29,38
7918,17,79,54,27,37
7919,18,79,51,27,39
7920,19,79,58,33,42
7921,20,79,57,35,43
7922,21,79,56,34,41
7923,22,79,66,40,45
7924,23,79,52,29,42
7925,24,79,66,39,42
7926,25,79,89,55,42
7927,26,79,77,46,41
7928,27,79,105,65,48
7929,28,79,125,81,52
7930,29,79,128,81,48
7931,30,79,130,84,49
7932,31,79,141,96,51
7933,32,79,153,105,53
7934,33,79,165,116,56
7935,34,79,173,124,57
7936,35,79,179,128,57
7937,36,79,182,134,58
7938,37,79,187,139,62
7939,38,79,188,140,64
7940,39,79,189,144,67
7941,40,79,187,140,65
7942,41,79,187,139,63
7943,42,79,193,143,61
7944,43,79,196,145,62
7945,44,79,190,139,61
7946,45,79,183,132,57
7947,46,79,188,132,56
7948,47,79,198,143,59
7949,48,79,204,153,65
7950,49,79,199,146,65
7951,50,79,173,118,52
7952,51,79,129,72,42
7953,52,79,93,48,36
7954,53,79,58,39,37
7955,54,79,35,27,36
7956,55,79,29,22,34
7957,56,79,40,28,34
7958,57,79,72,50,35
7959,58,79,76,50,31
7960,59,79,72,47,31
7961,60,79,63,41,34
7962,61,79,46,26,30
7963,62,79,53,24,29
7964,63,79,70,34,30
7965,64,79,99,55,30
7966,65,79,117,71,28
7967,66,79,121,74,25
7968,67,79,107,59,25
7969,68,79,96,53,30
7970,69,79,94,50,31
7971,70,79,91,45,30
7972,71,79,88,45,29
7973,72,79,78,37,28
7974,73,79,62,32,31
7975,74,79,32,15,30
7976,75,79,23,13,33
7977,76,79,20,13,35
7978,77,79,21,12,35
7979,78,79,32,19,40
7980,79,79,35,20,39
7981,80,79,32,20,42
7982,81,79,30,21,41
7983,82,79,33,28,48
7984,83,79,67,63,77
7985,84,79,69,63,78
7986,85,79,48,43,62
7987,86,79,32,23,42
7988,87,79,39,29,47
7989,88,79,32,26,46
7990,89,79,25,21,45
7991,90,79,35,30,51
7992,91,79,36,30,52
7993,92,79,28,24,45
7994,93,79,38,34,54
7995,94,79,43,36,54
7996,95,79,46,38,56
7997,96,79,45,34,53
7998,97,79,44,30,47
7999,98,79,56,43,58
8000,99,79,59,48,62
8001,0,80,90,58,57
8002,1,80,78,44,49
8003,2,80,47,32,52
8004,3,80,31,27,50
8005,4,80,30,19,43
8006,5,80,31,17,41
8007,6,80,28,16,40
8008,7,80,29,18,41
8009,8,80,30,18,43
8010,9,80,23,16,43
8011,10,80,17,14,43
8012,11,80,17,15,43
8013,12,80,22,17,43
8014,13,80,31,20,43
8015,14,80,38,25,43
8016,15,80,43,28,42
8017,16,80,39,22,38
8018,17,80,43,21,39
8019,18,80,37,20,38
8020,19,80,41,27,42
8021,20,80,52,33,42
8022,21,80,55,35,43
8023,22,80,54,33,43
8024,23,80,46,27,41
8025,24,80,42,26,41
8026,25,80,57,35,42
8027,26,80,68,45,43
8028,27,80,72,47,44
8029,28,80,72,43,42
8030,29,80,76,44,40
8031,30,80,93,58,42
8032,31,80,117,78,48
8033,32,80,146,99,52
8034,33,80,163,114,56
8035,34,80,167,117,54
8036,35,80,173,121,52
8037,36,80,177,125,52
8038,37,80,182,130,56
8039,38,80,186,134,59
8040,39,80,183,134,60
8041,40,80,178,128,59
8042,41,80,177,126,56
8043,42,80,184,133,59
8044,43,80,189,138,59
8045,44,80,183,132,58
8046,45,80,157,108,52
8047,46,80,134,84,47
8048,47,80,149,96,48
8049,48,80,181,127,55
8050,49,80,200,147,62
8051,50,80,202,146,61
8052,51,80,179,124,52
8053,52,80,140,88,38
8054,53,80,128,81,34
8055,54,80,126,82,34
8056,55,80,118,76,33
8057,56,80,123,78,31
8058,57,80,143,96,32
8059,58,80,155,106,29
8060,59,80,142,92,27
8061,60,80,125,72,25
8062,61,80,119,68,27
8063,62,80,123,70,26
8064,63,80,107,53,24
8065,64,80,103,51,23
8066,65,80,108,56,24
8067,66,80,117,64,23
8068,67,80,121,67,24
8069,68,80,109,57,23
8070,69,80,94,44,25
8071,70,80,93,44,25
8072,71,80,89,46,26
8073,72,80,85,41,27
8074,73,80,87,41,27
8075,74,80,70,32,28
8076,75,80,44,21,31
8077,76,80,26,12,30
8078,77,80,17,11,32
8079,78,80,13,10,35
8080,79,80,24,16,38
8081,80,80,25,18,36
8082,81,80,25,18,39
8083,82,80,29,21,43
8084,83,80,60,50,65
8085,84,80,66,57,72
8086,85,80,39,34,55
8087,86,80,37,31,49
8088,87,80,34,23,42
8089,88,80,34,27,47
8090,89,80,31,27,48
8091,90,80,29,26,48
8092,91,80,36,32,54
8093,92,80,37,30,49
8094,93,80,37,34,54
8095,94,80,43,34,54
8096,95,80,41,32,52
8097,96,80,41,31,49
8098,97,80,54,33,47
8099,98,80,63,44,55
8100,99,80,67,49,60
8101,0,81,111,66,55
8102,1,81,87,48,50
8103,2,81,49,34,51
8104,3,81,30,25,48
8105,4,81,27,18,42
8106,5,81,28,17,42
8107,6,81,33,21,43
8108,7,81,30,17,42
8109,8,81,25,14,40
8110,9,81,23,16,44
8111,10,81,17,14,43
8112,11,81,20,16,42
8113,12,81,16,13,40
8114,13,81,19,15,43
8115,14,81,23,17,42
8116,15,81,24,17,39
8117,16,81,25,15,37
8118,17,81,26,14,36
8119,18,81,27,15,38
8120,19,81,29,18,39
8121,20,81,39,26,42
8122,21,81,40,25,40
8123,22,81,42,28,43
8124,23,81,41,24,41
8125,24,81,38,22,41
8126,25,81,37,21,40
8127,26,81,52,33,41
8128,27,81,77,52,44
8129,28,81,99,69,47
8130,29,81,122,87,51
8131,30,81,149,109,56
8132,31,81,147,108,55
8133,32,81,139,92,50
8134,33,81,152,102,52
8135,34,81,158,107,50
8136,35,81,162,110,48
8137,36,81,168,116,51
8138,37,81,171,119,53
8139,38,81,173,122,54
8140,39,81,174,122,54
8141,40,81,175,122,53
8142,41,81,175,122,53
8143,42,81,174,121,53
8144,43,81,182,130,55
8145,44,81,185,131,55
8146,45,81,180,129,58
8147,46,81,153,105,53
8148,47,81,97,54,38
8149,48,81,94,49,35
8150,49,81,125,74,41
8151,50,81,154,98,48
8152,51,81,173,115,50
8153,52,81,168,107,45
8154,53,81,142,76,36
8155,54,81,124,69,40
8156,55,81,117,70,35
8157,56,81,120,71,27
8158,57,81,112,66,27
8159,58,81,114,68,27
8160,59,81,121,70,27
8161,60,81,114,62,25
8162,61,81,103,51,24
8163,62,81,110,56,24
8164,63,81,119,63,24
8165,64,81,107,53,20
8166,65,81,95,43,23
8167,66,81,109,56,24
8168,67,81,118,60,22
8169,68,81,128,73,23
8170,69,81,120,66,23
8171,70,81,92,41,23
8172,71,81,80,34,25
8173,72,81,77,34,27
8174,73,81,75,36,29
8175,74,81,73,37,28
8176,75,81,63,27,28
8177,76,81,45,19,30
8178,77,81,27,13,32
8179,78,81,16,9,31
8180,79,81,17,14,35
8181,80,81,18,14,35
8182,81,81,18,13,37
8183,82,81,21,15,37
8184,83,81,33,22,40
8185,84,81,34,22,41
8186,85,81,25,19,42
8187,86,81,33,26,46
8188,87,81,30,21,42
8189,88,81,31,25,47
8190,89,81,29,25,47
8191,90,81,30,27,49
8192,91,81,35,31,52
8193,92,81,34,26,46
8194,93,81,35,29,50
8195,94,81,37,28,49
8196,95,81,37,30,51
8197,96,81,38,27,46
8198,97,81,53,31,45
8199,98,81,62,43,55
8200,99,81,64,47,60
8201,0,82,67,42,53
8202,1,82,45,29,49
8203,2,82,39,31,52
8204,3,82,30,23,45
8205,4,82,32,24,45
8206,5,82,33,23,46
8207,6,82,37,27,47
8208,7,82,32,23,44
8209,8,82,25,18,42
8210,9,82,19,14,41
8211,10,82,21,14,42
8212,11,82,27,21,45
8213,12,82,25,20,43
8214,13,82,23,17,43
8215,14,82,25,20,45
8216,15,82,22,17,42
8217,16,82,22,15,40
8218,17,82,24,13,37
8219,18,82,27,12,37
8220,19,82,22,13,36
8221,20,82,22,13,36
8222,21,82,25,14,37
8223,22,82,27,16,38
8224,23,82,29,15,36
8225,24,82,58,37,42
8226,25,82,105,74,45
8227,26,82,141,101,49
8228,27,82,152,108,51
8229,28,82,154,108,51
8230,29,82,172,126,57
8231,30,82,185,141,65
8232,31,82,174,131,61
8233,32,82,152,106,55
8234,33,82,135,87,47
8235,34,82,143,91,45
8236,35,82,148,97,47
8237,36,82,153,104,48
8238,37,82,160,108,50
8239,38,82,162,110,51
8240,39,82,163,111,51
8241,40,82,171,118,51
8242,41,82,173,119,51
8243,42,82,161,109,49
8244,43,82,142,91,45
8245,44,82,155,103,47
8246,45,82,182,128,57
8247,46,82,195,140,61
8248,47,82,176,124,55
8249,48,82,131,84,42
8250,49,82,91,49,33
8251,50,82,85,41,31
8252,51,82,105,53,35
8253,52,82,129,69,39
8254,53,82,140,74,40
8255,54,82,145,74,39
8256,55,82,133,70,36
8257,56,82,126,73,32
8258,57,82,119,69,28
8259,58,82,105,58,27
8260,59,82,87,42,24
8261,60,82,103,55,25
8262,61,82,112,58,22
8263,62,82,103,51,22
8264,63,82,107,54,23
8265,64,82,113,58,21
8266,65,82,99,46,21
8267,66,82,86,38,23
8268,67,82,85,37,24
8269,68,82,90,41,23
8270,69,82,108,53,24
8271,70,82,103,47,22
8272,71,82,82,34,22
8273,72,82,80,32,25
8274,73,82,80,33,25
8275,74,82,77,33,26
8276,75,82,71,31,27
8277,76,82,59,26,31
8278,77,82,38,15,29
8279,78,82,21,9,29
8280,79,82,19,11,31
8281,80,82,14,11,33
8282,81,82,16,13,37
8283,82,82,16,12,34
8284,83,82,21,15,35
8285,84,82,24,17,37
8286,85,82,29,21,40
8287,86,82,31,25,44
8288,87,82,26,21,42
8289,88,82,26,20,42
8290,89,82,26,23,45
8291,90,82,31,28,49
8292,91,82,31,27,48
8293,92,82,28,21,43
8294,93,82,32,25,43
8295,94,82,35,28,47
8296,95,82,38,27,46
8297,96,82,45,30,45
8298,97,82,66,37,45
8299,98,82,68,42,50
8300,99,82,68,46,59
8301,0,83,46,35,54
8302,1,83,38,31,53
8303,2,83,37,29,50
8304,3,83,30,22,44
8305,4,83,34,23,45
8306,5,83,34,24,46
8307,6,83,29,23,46
8308,7,83,21,17,41
8309,8,83,22,17,41
8310,9,83,21,16,40
8311,10,83,23,17,42
8312,11,83,28,20,44
8313,12,83,29,21,44
8314,13,83,31,21,40
8315,14,83,33,20,40
8316,15,83,31,19,40
8317,16,83,27,15,39
8318,17,83,25,15,39
8319,18,83,24,15,37
8320,19,83,22,14,37
8321,20,83,23,14,38
8322,21,83,22,13,36
8323,22,83,21,13,37
8324,23,83,74,48,42
8325,24,83,148,102,53
8326,25,83,145,98,49
8327,26,83,137,90,46
8328,27,83,134,87,46
8329,28,83,149,103,51
8330,29,83,178,134,63
8331,30,83,180,136,64
8332,31,83,178,133,64
8333,32,83,173,126,57
8334,33,83,156,108,52
8335,34,83,129,81,43
8336,35,83,125,75,41
8337,36,83,135,83,43
8338,37,83,146,92,45
8339,38,83,151,97,46
8340,39,83,153,101,47
8341,40,83,162,110,48
8342,41,83,175,121,52
8343,42,83,182,128,55
8344,43,83,162,111,48
8345,44,83,124,77,40
8346,45,83,125,77,43
8347,46,83,158,103,51
8348,47,83,177,122,51
8349,48,83,182,127,53
8350,49,83,158,106,46
8351,50,83,115,66,34
8352,51,83,94,49,28
8353,52,83,89,41,30
8354,53,83,96,47,34
8355,54,83,114,57,37
8356,55,83,136,68,37
8357,56,83,133,67,37
8358,57,83,112,58,30
8359,58,83,106,57,26
8360,59,83,93,47,26
8361,60,83,79,38,26
8362,61,83,97,51,25
8363,62,83,97,51,24
8364,63,83,100,48,22
8365,64,83,113,58,20
8366,65,83,117,62,21
8367,66,83,100,50,24
8368,67,83,77,36,24
8369,68,83,70,30,26
8370,69,83,66,24,24
8371,70,83,76,31,22
8372,71,83,80,36,22
8373,72,83,67,28,24
8374,73,83,69,27,26
8375,74,83,71,25,24
8376,75,83,72,25,25
8377,76,83,73,29,26
8378,77,83,52,17,25
8379,78,83,23,9,27
8380,79,83,14,8,27
8381,80,83,12,8,29
8382,81,83,16,13,35
8383,82,83,10,9,29
8384,83,83,14,10,30
8385,84,83,15,12,33
8386,85,83,24,18,39
8387,86,83,27,20,39
8388,87,83,19,16,37
8389,88,83,22,18,39
8390,89,83,24,22,44
8391,90,83,32,31,50
8392,91,83,30,27,47
8393,92,83,27,22,43
8394,93,83,30,23,43
8395,94,83,40,30,46
8396,95,83,45,30,46
8397,96,83,46,28,45
8398,97,83,77,39,43
8399,98,83,79,45,49
8400,99,83,80,49,55
8401,0,84,47,38,56
8402,1,84,37,28,49
8403,2,84,34,24,48
8404,3,84,26,17,41
8405,4,84,25,18,42
8406,5,84,30,22,44
8407,6,84,29,23,44
8408,7,84,25,19,43
8409,8,84,29,19,42
8410,9,84,30,19,40
8411,10,84,29,18,40
8412,11,84,32,19,40
8413,12,84,27,16,39
8414,13,84,29,18,39
8415,14,84,32,18,38
8416,15,84,30,18,40
8417,16,84,27,18,39
8418,17,84,22,15,37
8419,18,84,19,14,38
8420,19,84,20,15,37
8421,20,84,19,14,37
8422,21,84,18,14,38
8423,22,84,24,15,38
8424,23,84,110,68,44
8425,24,84,129,79,43
8426,25,84,116,67,40
8427,26,84,122,73,43
8428,27,84,153,111,58
8429,28,84,171,128,62
8430,29,84,165,119,55
8431,30,84,174,127,58
8432,31,84,189,145,67
8433,32,84,182,136,60
8434,33,84,171,121,52
8435,34,84,154,105,49
8436,35,84,127,79,43
8437,36,84,113,66,39
8438,37,84,126,76,41
8439,38,84,137,85,43
8440,39,84,138,88,45
8441,40,84,131,85,44
8442,41,84,139,89,42
8443,42,84,164,113,52
8444,43,84,183,131,53
8445,44,84,182,131,55
8446,45,84,141,95,46
8447,46,84,104,59,37
8448,47,84,120,71,40
8449,48,84,151,96,43
8450,49,84,158,101,44
8451,50,84,155,96,42
8452,51,84,131,76,36
8453,52,84,88,45,27
8454,53,84,80,39,28
8455,54,84,77,36,30
8456,55,84,82,36,30
8457,56,84,96,42,32
8458,57,84,84,35,29
8459,58,84,84,43,27
8460,59,84,81,39,27
8461,60,84,77,38,28
8462,61,84,78,38,27
8463,62,84,74,36,26
8464,63,84,63,29,26
8465,64,84,83,41,22
8466,65,84,105,53,22
8467,66,84,109,56,23
8468,67,84,74,34,23
8469,68,84,63,31,24
8470,69,84,73,35,25
8471,70,84,62,26,24
8472,71,84,63,27,22
8473,72,84,57,24,25
8474,73,84,48,18,25
8475,74,84,51,19,26
8476,75,84,55,20,26
8477,76,84,56,19,25
8478,77,84,40,12,24
8479,78,84,22,9,26
8480,79,84,16,10,28
8481,80,84,10,7,28
8482,81,84,11,8,28
8483,82,84,17,12,30
8484,83,84,16,12,30
8485,84,84,16,13,33
8486,85,84,19,16,38
8487,86,84,27,22,41
8488,87,84,21,18,38
8489,88,84,21,18,39
8490,89,84,21,19,39
8491,90,84,36,32,50
8492,91,84,27,22,40
8493,92,84,29,21,39
8494,93,84,37,24,43
8495,94,84,41,28,46
8496,95,84,49,35,52
8497,96,84,48,32,45
8498,97,84,74,37,39
8499,98,84,87,47,47
8500,99,84,86,51,52
8501,0,85,40,32,54
8502,1,85,36,28,50
8503,2,85,30,22,45
8504,3,85,23,15,40
8505,4,85,24,17,43
8506,5,85,24,18,42
8507,6,85,30,23,45
8508,7,85,31,23,44
8509,8,85,31,20,42
8510,9,85,32,19,40
8511,10,85,30,17,39
8512,11,85,31,18,40
8513,12,85,34,20,40
8514,13,85,34,19,38
8515,14,85,34,19,38
8516,15,85,32,19,37
8517,16,85,33,19,38
8518,17,85,32,18,37
8519,18,85,30,17,39
8520,19,85,28,16,37
8521,20,85,26,14,37
8522,21,85,26,11,37
8523,22,85,45,21,37
8524,23,85,123,74,41
8525,24,85,121,68,37
8526,25,85,124,73,39
8527,26,85,154,108,51
8528,27,85,158,112,54
8529,28,85,142,95,50
8530,29,85,149,100,46
8531,30,85,177,131,58
8532,31,85,181,134,59
8533,32,85,178,129,57
8534,33,85,171,122,57
8535,34,85,159,109,51
8536,35,85,146,94,46
8537,36,85,122,73,41
8538,37,85,108,63,40
8539,38,85,115,69,39
8540,39,85,134,84,42
8541,40,85,137,87,44
8542,41,85,114,67,37
8543,42,85,109,63,37
8544,43,85,139,87,42
8545,44,85,172,117,49
8546,45,85,185,131,52
8547,46,85,161,109,45
8548,47,85,105,61,36
8549,48,85,92,51,36
8550,49,85,115,68,38
8551,50,85,146,86,41
8552,51,85,158,91,38
8553,52,85,136,77,36
8554,53,85,99,54,31
8555,54,85,69,33,27
8556,55,85,74,36,28
8557,56,85,73,35,28
8558,57,85,72,34,28
8559,58,85,67,34,28
8560,59,85,55,25,28
8561,60,85,65,31,28
8562,61,85,72,34,26
8563,62,85,69,32,26
8564,63,85,44,20,27
8565,64,85,56,25,25
8566,65,85,71,34,26
8567,66,85,74,36,25
8568,67,85,65,32,24
8569,68,85,56,27,24
8570,69,85,54,25,25
8571,70,85,61,28,26
8572,71,85,62,28,25
8573,72,85,57,26,25
8574,73,85,46,18,25
8575,74,85,40,15,25
8576,75,85,42,16,25
8577,76,85,43,17,27
8578,77,85,30,12,27
8579,78,85,18,8,26
8580,79,85,13,6,27
8581,80,85,10,5,28
8582,81,85,12,7,29
8583,82,85,16,9,29
8584,83,85,13,10,29
8585,84,85,15,11,34
8586,85,85,19,16,38
8587,86,85,21,18,39
8588,87,85,21,19,39
8589,88,85,22,17,37
8590,89,85,22,15,35
8591,90,85,31,21,40
8592,91,85,29,18,38
8593,92,85,33,22,41
8594,93,85,41,29,47
8595,94,85,49,37,54
8596,95,85,48,33,50
8597,96,85,43,27,43
8598,97,85,77,39,42
8599,98,85,85,45,46
8600,99,85,82,48,53
8601,0,86,37,30,54
8602,1,86,32,24,48
8603,2,86,25,17,42
8604,3,86,18,13,40
8605,4,86,20,13,40
8606,5,86,24,15,40
8607,6,86,28,19,41
8608,7,86,33,20,40
8609,8,86,32,19,41
8610,9,86,31,18,42
8611,10,86,30,17,39
8612,11,86,32,19,40
8613,12,86,36,20,39
8614,13,86,36,20,37
8615,14,86,36,20,37
8616,15,86,37,22,38
8617,16,86,34,20,37
8618,17,86,32,18,38
8619,18,86,33,16,36
8620,19,86,34,18,36
8621,20,86,34,17,37
8622,21,86,33,14,38
8623,22,86,63,34,38
8624,23,86,125,74,40
8625,24,86,118,64,36
8626,25,86,145,95,46
8627,26,86,139,92,46
8628,27,86,126,77,43
8629,28,86,129,80,44
8630,29,86,161,112,52
8631,30,86,166,117,50
8632,31,86,177,128,53
8633,32,86,176,127,57
8634,33,86,158,110,51
8635,34,86,141,89,42
8636,35,86,133,81,41
8637,36,86,120,72,40
8638,37,86,104,59,38
8639,38,86,94,50,37
8640,39,86,95,51,36
8641,40,86,113,67,40
8642,41,86,123,76,41
8643,42,86,110,64,37
8644,43,86,94,50,32
8645,44,86,111,62,36
8646,45,86,140,85,41
8647,46,86,149,92,41
8648,47,86,133,79,39
8649,48,86,105,58,36
8650,49,86,82,43,34
8651,50,86,91,49,36
8652,51,86,114,61,37
8653,52,86,140,79,40
8654,53,86,150,87,39
8655,54,86,107,57,34
8656,55,86,65,28,26
8657,56,86,69,31,26
8658,57,86,72,34,26
8659,58,86,52,23,27
8660,59,86,49,22,28
8661,60,86,58,24,25
8662,61,86,62,28,25
8663,62,86,48,20,25
8664,63,86,40,18,26
8665,64,86,44,20,26
8666,65,86,54,25,28
8667,66,86,52,25,26
8668,67,86,46,22,26
8669,68,86,46,21,26
8670,69,86,45,20,27
8671,70,86,46,22,28
8672,71,86,50,23,26
8673,72,86,51,22,25
8674,73,86,45,18,25
8675,74,86,33,13,26
8676,75,86,28,11,24
8677,76,86,33,12,24
8678,77,86,27,10,26
8679,78,86,16,7,26
8680,79,86,12,5,26
8681,80,86,9,5,26
8682,81,86,11,7,28
8683,82,86,12,9,29
8684,83,86,11,8,28
8685,84,86,14,10,31
8686,85,86,18,15,35
8687,86,86,19,14,34
8688,87,86,24,17,36
8689,88,86,30,20,38
8690,89,86,32,22,39
8691,90,86,30,22,42
8692,91,86,30,22,42
8693,92,86,37,23,42
8694,93,86,42,28,45
8695,94,86,47,34,49
8696,95,86,48,32,49
8697,96,86,46,28,43
8698,97,86,71,35,40
8699,98,86,80,46,49
8700,99,86,78,45,49
8701,0,87,34,25,49
8702,1,87,25,18,43
8703,2,87,21,15,40
8704,3,87,21,17,44
8705,4,87,17,11,40
8706,5,87,21,12,39
8707,6,87,20,10,35
8708,7,87,23,12,37
8709,8,87,24,13,38
8710,9,87,27,16,38
8711,10,87,30,19,38
8712,11,87,31,19,38
8713,12,87,33,19,39
8714,13,87,29,16,38
8715,14,87,27,15,37
8716,15,87,29,17,35
8717,16,87,27,16,36
8718,17,87,28,15,38
8719,18,87,37,18,36
8720,19,87,39,22,38
8721,20,87,34,20,38
8722,21,87,38,23,40
8723,22,87,58,34,38
8724,23,87,101,52,37
8725,24,87,108,58,39
8726,25,87,120,74,43
8727,26,87,120,74,46
8728,27,87,116,70,42
8729,28,87,145,94,47
8730,29,87,156,105,47
8731,30,87,166,117,51
8732,31,87,169,120,51
8733,32,87,148,97,45
8734,33,87,131,78,40
8735,34,87,114,64,37
8736,35,87,100,54,35
8737,36,87,92,51,36
8738,37,87,87,47,37
8739,38,87,79,39,36
8740,39,87,64,30,33
8741,40,87,61,29,31
8742,41,87,77,41,33
8743,42,87,91,50,35
8744,43,87,94,48,33
8745,44,87,92,44,32
8746,45,87,85,40,33
8747,46,87,86,41,31
8748,47,87,94,46,33
8749,48,87,104,54,35
8750,49,87,104,53,34
8751,50,87,89,44,34
8752,51,87,68,30,32
8753,52,87,79,37,32
8754,53,87,108,53,35
8755,54,87,127,63,36
8756,55,87,87,37,31
8757,56,87,44,15,25
8758,57,87,50,22,27
8759,58,87,36,16,25
8760,59,87,41,18,26
8761,60,87,51,21,25
8762,61,87,50,20,24
8763,62,87,36,15,25
8764,63,87,35,15,24
8765,64,87,34,15,25
8766,65,87,40,18,26
8767,66,87,34,15,27
8768,67,87,30,15,27
8769,68,87,33,16,28
8770,69,87,31,13,26
8771,70,87,35,16,29
8772,71,87,34,14,26
8773,72,87,36,14,25
8774,73,87,32,13,24
8775,74,87,24,10,24
8776,75,87,17,9,24
8777,76,87,20,9,23
8778,77,87,16,5,23
8779,78,87,14,6,24
8780,79,87,15,8,25
8781,80,87,13,8,25
8782,81,87,12,8,26
8783,82,87,14,9,28
8784,83,87,14,9,29
8785,84,87,17,11,32
8786,85,87,18,12,30
8787,86,87,26,17,32
8788,87,87,29,16,33
8789,88,87,31,17,35
8790,89,87,27,20,38
8791,90,87,28,23,41
8792,91,87,28,19,37
8793,92,87,35,19,37
8794,93,87,37,22,36
8795,94,87,46,30,45
8796,95,87,48,32,48
8797,96,87,44,28,43
8798,97,87,62,31,42
8799,98,87,69,37,46
8800,99,87,70,41,49
8801,0,88,38,28,50
8802,1,88,22,14,39
8803,2,88,18,12,38
8804,3,88,21,15,42
8805,4,88,21,12,39
8806,5,88,24,14,37
8807,6,88,26,15,38
8808,7,88,29,16,39
8809,8,88,28,15,39
8810,9,88,22,13,36
8811,10,88,19,12,36
8812,11,88,21,12,37
8813,12,88,23,14,38
8814,13,88,21,13,36
8815,14,88,18,12,34
8816,15,88,21,12,36
8817,16,88,21,12,35
8818,17,88,26,15,35
8819,18,88,30,15,35
8820,19,88,35,20,38
8821,20,88,36,22,38
8822,21,88,41,26,40
8823,22,88,46,30,43
8824,23,88,59,31,38
8825,24,88,86,40,37
8826,25,88,106,57,41
8827,26,88,113,66,43
8828,27,88,128,78,43
8829,28,88,147,95,43
8830,29,88,166,117,52
8831,30,88,158,110,50
8832,31,88,131,81,39
8833,32,88,104,55,34
8834,33,88,88,47,35
8835,34,88,78,44,36
8836,35,88,72,39,35
8837,36,88,72,40,35
8838,37,88,74,42,36
8839,38,88,71,37,33
8840,39,88,70,36,34
8841,40,88,75,40,34
8842,41,88,75,40,34
8843,42,88,73,38,33
8844,43,88,75,39,32
8845,44,88,78,41,32
8846,45,88,80,43,35
8847,46,88,73,37,34
8848,47,88,62,31,32
8849,48,88,61,31,32
8850,49,88,71,33,31
8851,50,88,75,34,31
8852,51,88,69,31,31
8853,52,88,44,20,31
8854,53,88,40,17,31
8855,54,88,55,23,31
8856,55,88,42,18,29
8857,56,88,22,10,28
8858,57,88,23,12,30
8859,58,88,23,12,28
8860,59,88,30,12,26
8861,60,88,33,14,27
8862,61,88,24,11,27
8863,62,88,20,11,29
8864,63,88,22,11,28
8865,64,88,19,9,26
8866,65,88,24,11,27
8867,66,88,22,10,27
8868,67,88,23,13,29
8869,68,88,24,13,28
8870,69,88,23,11,27
8871,70,88,23,12,28
8872,71,88,20,9,26
8873,72,88,22,10,27
8874,73,88,19,9,25
8875,74,88,17,9,24
8876,75,88,15,10,25
8877,76,88,13,7,24
8878,77,88,12,6,24
8879,78,88,13,6,26
8880,79,88,14,7,25
8881,80,88,16,8,26
8882,81,88,16,8,26
8883,82,88,16,7,28
8884,83,88,21,8,27
8885,84,88,22,10,29
8886,85,88,24,12,30
8887,86,88,31,18,35
8888,87,88,28,16,32
8889,88,88,28,16,34
8890,89,88,28,16,34
8891,90,88,30,19,36
8892,91,88,38,20,36
8893,92,88,43,25,38
8894,93,88,39,21,37
8895,94,88,42,25,43
8896,95,88,47,30,46
8897,96,88,43,27,43
8898,97,88,55,28,43
8899,98,88,59,31,44
8900,99,88,55,33,47
8901,0,89,39,26,49
8902,1,89,27,15,40
8903,2,89,20,11,37
8904,3,89,27,15,39
8905,4,89,28,16,40
8906,5,89,28,17,39
8907,6,89,34,20,41
8908,7,89,32,18,38
8909,8,89,33,19,40
8910,9,89,29,17,38
8911,10,89,24,17,39
8912,11,89,21,13,37
8913,12,89,21,13,37
8914,13,89,20,12,35
8915,14,89,24,15,35
8916,15,89,25,14,35
8917,16,89,25,12,34
8918,17,89,31,16,37
8919,18,89,27,14,36
8920,19,89,28,13,35
8921,20,89,33,17,35
8922,21,89,40,22,35
8923,22,89,43,25,40
8924,23,89,48,28,41
8925,24,89,55,28,38
8926,25,89,71,33,35
8927,26,89,93,43,32
8928,27,89,117,62,32
8929,28,89,152,96,41
8930,29,89,140,88,39
8931,30,89,116,69,37
8932,31,89,86,50,35
8933,32,89,63,31,32
8934,33,89,72,35,34
8935,34,89,72,36,32
8936,35,89,74,39,34
8937,36,89,75,40,35
8938,37,89,71,37,33
8939,38,89,68,34,31
8940,39,89,70,36,32
8941,40,89,74,41,34
8942,41,89,71,38,32
8943,42,89,68,34,31
8944,43,89,70,38,32
8945,44,89,76,45,35
8946,45,89,79,50,38
8947,46,89,75,44,36
8948,47,89,67,37,33
8949,48,89,60,32,31
8950,49,89,53,27,29
8951,50,89,53,26,29
8952,51,89,50,25,29
8953,52,89,49,24,29
8954,53,89,46,22,30
8955,54,89,41,19,30
8956,55,89,37,18,30
8957,56,89,32,15,29
8958,57,89,24,12,28
8959,58,89,23,11,28
8960,59,89,21,9,27
8961,60,89,17,9,26
8962,61,89,15,8,26
8963,62,89,14,7,26
8964,63,89,13,8,28
8965,64,89,11,7,27
8966,65,89,13,7,28
8967,66,89,13,7,27
8968,67,89,16,8,27
8969,68,89,17,8,27
8970,69,89,17,8,26
8971,70,89,18,9,28
8972,71,89,15,7,25
8973,72,89,14,7,23
8974,73,89,13,8,25
8975,74,89,16,9,26
8976,75,89,16,8,24
8977,76,89,13,9,24
8978,77,89,11,6,24
8979,78,89,10,6,25
8980,79,89,13,6,23
8981,80,89,12,6,22
8982,81,89,10,6,24
8983,82,89,13,7,25
8984,83,89,19,8,26
8985,84,89,24,13,29
8986,85,89,22,13,31
8987,86,89,24,14,31
8988,87,89,26,14,29
8989,88,89,25,15,33
8990,89,89,27,17,35
8991,90,89,34,17,34
8992,91,89,39,20,33
8993,92,89,41,23,38
8994,93,89,36,23,40
8995,94,89,38,22,39
8996,95,89,43,26,42
8997,96,89,37,22,39
8998,97,89,48,25,41
8999,98,89,56,30,44
9000,99,89,52,31,45
9001,0,90,39,26,49
9002,1,90,35,22,45
9003,2,90,32,21,43
9004,3,90,31,17,42
9005,4,90,34,19,42
9006,5,90,30,18,40
9007,6,90,31,18,41
9008,7,90,30,18,39
9009,8,90,35,22,41
9010,9,90,37,23,41
9011,10,90,32,19,39
9012,11,90,29,16,37
9013,12,90,33,17,37
9014,13,90,30,15,36
9015,14,90,32,19,39
9016,15,90,31,19,38
9017,16,90,27,15,36
9018,17,90,31,18,37
9019,18,90,31,16,36
9020,19,90,31,16,35
9021,20,90,35,18,34
9022,21,90,40,21,36
9023,22,90,38,20,37
9024,23,90,36,19,38
9025,24,90,35,19,37
9026,25,90,41,21,34
9027,26,90,57,24,34
9028,27,90,86,41,33
9029,28,90,128,75,38
9030,29,90,105,57,35
9031,30,90,86,45,37
9032,31,90,58,29,34
9033,32,90,47,21,33
9034,33,90,54,25,33
9035,34,90,64,34,35
9036,35,90,58,32,35
9037,36,90,49,26,32
9038,37,90,49,26,34
9039,38,90,45,23,34
9040,39,90,43,22,31
9041,40,90,51,30,35
9042,41,90,51,27,33
9043,42,90,55,29,34
9044,43,90,56,32,35
9045,44,90,61,38,38
9046,45,90,60,40,39
9047,46,90,54,32,35
9048,47,90,47,25,33
9049,48,90,45,22,32
9050,49,90,41,21,31
9051,50,90,40,20,31
9052,51,90,38,18,29
9053,52,90,38,18,30
9054,53,90,39,19,31
9055,54,90,39,16,31
9056,55,90,38,16,31
9057,56,90,35,16,30
9058,57,90,31,14,30
9059,58,90,28,11,29
9060,59,90,25,11,29
9061,60,90,23,9,27
9062,61,90,23,9,27
9063,62,90,20,9,26
9064,63,90,17,8,26
9065,64,90,14,7,25
9066,65,90,14,8,27
9067,66,90,11,8,27
9068,67,90,12,8,27
9069,68,90,15,8,28
9070,69,90,13,6,26
9071,70,90,15,8,29
9072,71,90,11,7,28
9073,72,90,11,8,26
9074,73,90,13,8,28
9075,74,90,14,9,27
9076,75,90,13,8,26
9077,76,90,12,9,27
9078,77,90,9,6,25
9079,78,90,9,5,24
9080,79,90,11,6,25
9081,80,90,8,4,23
9082,81,90,8,6,25
9083,82,90,10,8,27
9084,83,90,11,8,27
9085,84,90,16,13,31
9086,85,90,19,14,34
9087,86,90,27,16,34
9088,87,90,42,20,32
9089,88,90,29,18,34
9090,89,90,29,17,36
9091,90,90,38,20,35
9092,91,90,34,19,35
9093,92,90,34,20,38
9094,93,90,33,22,39
9095,94,90,36,22,37
9096,95,90,41,25,41
9097,96,90,32,22,42
9098,97,90,44,23,41
9099,98,90,55,30,43
9100,99,90,51,31,45
9101,0,91,34,24,49
9102,1,91,30,20,44
9103,2,91,28,19,42
9104,3,91,25,16,40
9105,4,91,29,19,40
9106,5,91,31,18,41
9107,6,91,28,16,41
9108,7,91,30,18,40
9109,8,91,36,19,37
9110,9,91,29,16,38
9111,10,91,19,11,34
9112,11,91,20,12,34
9113,12,91,27,13,34
9114,13,91,29,15,35
9115,14,91,25,14,37
9116,15,91,28,16,36
9117,16,91,30,17,35
9118,17,91,31,17,35
9119,18,91,31,16,34
9120,19,91,29,15,32
9121,20,91,35,17,34
9122,21,91,34,17,34
9123,22,91,29,15,36
9124,23,91,30,14,34
9125,24,91,33,16,34
9126,25,91,41,19,33
9127,26,91,45,20,32
9128,27,91,71,35,33
9129,28,91,109,57,35
9130,29,91,93,48,34
9131,30,91,68,29,31
9132,31,91,60,24,30
9133,32,91,52,20,32
9134,33,91,52,20,33
9135,34,91,57,25,32
9136,35,91,51,23,32
9137,36,91,51,24,31
9138,37,91,51,25,32
9139,38,91,51,28,34
9140,39,91,48,26,32
9141,40,91,54,29,35
9142,41,91,61,34,36
9143,42,91,64,37,35
9144,43,91,61,33,35
9145,44,91,59,31,35
9146,45,91,56,30,35
9147,46,91,50,25,32
9148,47,91,44,21,29
9149,48,91,44,21,30
9150,49,91,42,19,30
9151,50,91,39,16,29
9152,51,91,38,15,28
9153,52,91,38,16,30
9154,53,91,39,16,31
9155,54,91,38,16,29
9156,55,91,36,15,29
9157,56,91,32,13,27
9158,57,91,28,13,29
9159,58,91,25,11,27
9160,59,91,25,12,29
9161,60,91,19,8,26
9162,61,91,18,10,26
9163,62,91,18,9,25
9164,63,91,15,8,25
9165,64,91,11,7,24
9166,65,91,9,6,25
9167,66,91,9,7,26
9168,67,91,7,6,25
9169,68,91,7,6,25
9170,69,91,8,6,26
9171,70,91,10,7,28
9172,71,91,9,6,28
9173,72,91,11,7,27
9174,73,91,12,8,26
9175,74,91,11,8,25
9176,75,91,9,8,23
9177,76,91,9,7,24
9178,77,91,8,5,24
9179,78,91,9,6,24
9180,79,91,10,7,24
9181,80,91,8,5,22
9182,81,91,9,6,23
9183,82,91,10,7,26
9184,83,91,10,8,27
9185,84,91,16,13,31
9186,85,91,19,15,35
9187,86,91,24,14,32
9188,87,91,42,19,31
9189,88,91,31,17,31
9190,89,91,29,17,33
9191,90,91,34,19,34
9192,91,91,28,15,32
9193,92,91,30,18,36
9194,93,91,30,18,35
9195,94,91,35,20,36
9196,95,91,39,24,40
9197,96,91,32,22,41
9198,97,91,43,23,41
9199,98,91,55,30,43
9200,99,91,49,29,44
9201,0,92,32,21,46
9202,1,92,28,17,42
9203,2,92,20,13,38
9204,3,92,20,12,39
9205,4,92,27,17,40
9206,5,92,23,13,38
9207,6,92,23,16,39
9208,7,92,22,14,38
9209,8,92,22,13,37
9210,9,92,20,12,35
9211,10,92,18,12,34
9212,11,92,23,13,35
9213,12,92,26,15,36
9214,13,92,26,15,36
9215,14,92,27,16,38
9216,15,92,28,17,37
9217,16,92,30,16,33
9218,17,92,31,17,35
9219,18,92,32,16,36
9220,19,92,31,15,33
9221,20,92,30,16,34
9222,21,92,23,13,34
9223,22,92,26,13,35
9224,23,92,33,14,33
9225,24,92,38,16,33
9226,25,92,42,18,34
9227,26,92,48,21,32
9228,27,92,53,23,31
9229,28,92,71,32,31
9230,29,92,71,33,33
9231,30,92,49,21,31
9232,31,92,45,18,30
9233,32,92,46,17,31
9234,33,92,42,16,33
9235,34,92,46,16,32
9236,35,92,49,17,31
9237,36,92,51,20,31
9238,37,92,54,24,32
9239,38,92,52,26,32
9240,39,92,53,29,34
9241,40,92,53,29,34
9242,41,92,53,28,33
9243,42,92,57,30,34
9244,43,92,56,28,33
9245,44,92,53,25,31
9246,45,92,47,23,31
9247,46,92,42,19,31
9248,47,92,40,18,30
9249,48,92,37,17,29
9250,49,92,35,15,29
9251,50,92,34,14,29
9252,51,92,33,15,29
9253,52,92,32,15,29
9254,53,92,30,14,28
9255,54,92,30,14,29
9256,55,92,28,14,29
9257,56,92,25,14,28
9258,57,92,19,10,28
9259,58,92,18,10,27
9260,59,92,19,11,28
9261,60,92,15,8,27
9262,61,92,14,9,26
9263,62,92,16,9,26
9264,63,92,12,7,25
9265,64,92,9,6,24
9266,65,92,8,6,25
9267,66,92,8,5,25
9268,67,92,8,6,26
9269,68,92,8,6,26
9270,69,92,8,6,27
9271,70,92,9,6,28
9272,71,92,9,6,28
9273,72,92,10,6,27
9274,73,92,10,7,26
9275,74,92,10,7,26
9276,75,92,8,6,23
9277,76,92,8,6,23
9278,77,92,8,6,23
9279,78,92,8,5,24
9280,79,92,8,5,24
9281,80,92,8,5,24
9282,81,92,8,5,24
9283,82,92,9,7,26
9284,83,92,9,7,26
9285,84,92,13,10,30
9286,85,92,14,11,32
9287,86,92,21,13,31
9288,87,92,40,17,30
9289,88,92,43,19,30
9290,89,92,24,15,29
9291,90,92,27,15,30
9292,91,92,27,15,31
9293,92,92,26,14,34
9294,93,92,28,16,36
9295,94,92,36,18,36
9296,95,92,34,20,37
9297,96,92,27,17,38
9298,97,92,40,24,42
9299,98,92,53,32,47
9300,99,92,41,23,41
9301,0,93,34,21,46
9302,1,93,28,15,40
9303,2,93,24,12,36
9304,3,93,22,11,36
9305,4,93,24,14,37
9306,5,93,25,14,38
9307,6,93,27,17,40
9308,7,93,19,13,36
9309,8,93,14,11,33
9310,9,93,15,10,33
9311,10,93,17,11,35
9312,11,93,19,11,34
9313,12,93,20,13,34
9314,13,93,21,15,35
9315,14,93,20,14,35
9316,15,93,24,15,36
9317,16,93,28,15,34
9318,17,93,27,15,34
9319,18,93,23,12,33
9320,19,93,20,12,32
9321,20,93,20,12,31
9322,21,93,25,13,32
9323,22,93,31,18,35
9324,23,93,35,16,33
9325,24,93,39,18,33
9326,25,93,35,17,34
9327,26,93,41,16,33
9328,27,93,50,20,33
9329,28,93,44,18,32
9330,29,93,41,17,31
9331,30,93,38,16,30
9332,31,93,37,15,30
9333,32,93,37,15,30
9334,33,93,31,12,30
9335,34,93,27,10,29
9336,35,93,36,14,30
9337,36,93,36,14,28
9338,37,93,36,15,28
9339,38,93,41,21,32
9340,39,93,39,18,31
9341,40,93,35,16,29
9342,41,93,36,17,29
9343,42,93,38,17,31
9344,43,93,37,17,32
9345,44,93,31,14,29
9346,45,93,26,12,29
9347,46,93,22,10,29
9348,47,93,18,9,26
9349,48,93,16,10,27
9350,49,93,14,9,26
9351,50,93,12,6,26
9352,51,93,11,7,26
9353,52,93,10,7,25
9354,53,93,11,8,26
9355,54,93,12,8,27
9356,55,93,12,9,27
9357,56,93,11,8,27
9358,57,93,11,7,27
9359,58,93,12,8,25
9360,59,93,15,9,26
9361,60,93,15,7,25
9362,61,93,15,7,25
9363,62,93,16,9,26
9364,63,93,10,6,24
9365,64,93,7,5,22
9366,65,93,7,6,24
9367,66,93,6,5,24
9368,67,93,7,5,25
9369,68,93,8,6,26
9370,69,93,8,7,25
9371,70,93,9,7,26
9372,71,93,8,5,24
9373,72,93,8,5,24
9374,73,93,8,5,23
9375,74,93,7,5,23
9376,75,93,7,5,23
9377,76,93,8,5,22
9378,77,93,8,5,22
9379,78,93,9,6,24
9380,79,93,9,6,24
9381,80,93,8,7,23
9382,81,93,7,6,23
9383,82,93,8,7,23
9384,83,93,8,6,23
9385,84,93,9,7,24
9386,85,93,10,6,25
9387,86,93,19,12,29
9388,87,93,36,14,27
9389,88,93,53,21,27
9390,89,93,29,14,26
9391,90,93,28,16,28
9392,91,93,26,12,26
9393,92,93,26,12,30
9394,93,93,28,14,33
9395,94,93,31,14,35
9396,95,93,32,17,37
9397,96,93,26,15,37
9398,97,93,40,23,40
9399,98,93,46,28,43
9400,99,93,32,19,37
9401,0,94,35,23,46
9402,1,94,25,13,38
9403,2,94,25,11,36
9404,3,94,27,14,38
9405,4,94,24,14,37
9406,5,94,22,12,35
9407,6,94,22,15,37
9408,7,94,17,11,34
9409,8,94,15,9,32
9410,9,94,17,9,32
9411,10,94,20,10,33
9412,11,94,22,11,33
9413,12,94,26,12,32
9414,13,94,27,15,34
9415,14,94,23,13,34
9416,15,94,24,13,34
9417,16,94,24,13,32
9418,17,94,23,12,31
9419,18,94,21,10,32
9420,19,94,24,11,32
9421,20,94,26,11,31
9422,21,94,27,12,31
9423,22,94,32,15,33
9424,23,94,37,17,33
9425,24,94,40,19,33
9426,25,94,43,20,35
9427,26,94,37,15,33
9428,27,94,43,16,31
9429,28,94,45,16,30
9430,29,94,34,13,29
9431,30,94,30,12,28
9432,31,94,34,12,29
9433,32,94,29,9,28
9434,33,94,26,8,28
9435,34,94,22,8,29
9436,35,94,23,9,30
9437,36,94,25,9,28
9438,37,94,31,10,28
9439,38,94,37,15,29
9440,39,94,32,12,28
9441,40,94,33,12,28
9442,41,94,35,12,27
9443,42,94,30,11,28
9444,43,94,24,9,29
9445,44,94,21,9,27
9446,45,94,21,11,28
9447,46,94,20,11,27
9448,47,94,16,9,27
9449,48,94,12,8,26
9450,49,94,11,8,25
9451,50,94,10,7,26
9452,51,94,10,7,26
9453,52,94,9,6,25
9454,53,94,9,7,26
9455,54,94,9,6,25
9456,55,94,10,8,27
9457,56,94,8,6,25
9458,57,94,7,6,24
9459,58,94,9,6,24
9460,59,94,12,7,24
9461,60,94,11,6,23
9462,61,94,12,6,24
9463,62,94,10,6,24
9464,63,94,7,6,22
9465,64,94,5,4,20
9466,65,94,5,4,22
9467,66,94,6,5,23
9468,67,94,7,6,24
9469,68,94,7,6,23
9470,69,94,10,8,25
9471,70,94,10,7,24
9472,71,94,7,4,21
9473,72,94,7,4,21
9474,73,94,7,4,21
9475,74,94,8,6,22
9476,75,94,7,6,21
9477,76,94,7,5,21
9478,77,94,9,6,23
9479,78,94,7,4,21
9480,79,94,8,5,22
9481,80,94,7,6,22
9482,81,94,7,6,22
9483,82,94,6,5,21
9484,83,94,8,6,22
9485,84,94,12,7,24
9486,85,94,9,6,22
9487,86,94,13,9,24
9488,87,94,25,12,26
9489,88,94,44,17,25
9490,89,94,28,15,26
9491,90,94,23,12,25
9492,91,94,22,10,25
9493,92,94,21,11,27
9494,93,94,25,14,30
9495,94,94,27,13,32
9496,95,94,23,14,33
9497,96,94,23,14,33
9498,97,94,33,17,32
9499,98,94,40,20,37
9500,99,94,31,17,36
9501,0,95,31,24,48
9502,1,95,25,14,39
9503,2,95,28,15,38
9504,3,95,22,12,35
9505,4,95,21,11,35
9506,5,95,23,14,38
9507,6,95,21,13,37
9508,7,95,20,12,34
9509,8,95,19,10,33
9510,9,95,23,11,34
9511,10,95,24,11,33
9512,11,95,29,14,34
9513,12,95,28,14,35
9514,13,95,22,12,33
9515,14,95,17,10,33
9516,15,95,18,10,33
9517,16,95,17,9,31
9518,17,95,20,9,31
9519,18,95,21,9,32
9520,19,95,23,10,31
9521,20,95,27,11,31
9522,21,95,30,11,30
9523,22,95,35,13,31
9524,23,95,32,11,31
9525,24,95,29,10,30
9526,25,95,35,16,32
9527,26,95,25,10,30
9528,27,95,24,8,29
9529,28,95,33,12,30
9530,29,95,30,11,30
9531,30,95,26,10,28
9532,31,95,32,14,30
9533,32,95,31,11,30
9534,33,95,29,8,29
9535,34,95,28,9,29
9536,35,95,29,12,31
9537,36,95,29,12,31
9538,37,95,34,11,30
9539,38,95,42,16,30
9540,39,95,38,13,28
9541,40,95,32,10,28
9542,41,95,37,13,28
9543,42,95,23,9,28
9544,43,95,22,9,27
9545,44,95,22,9,27
9546,45,95,23,10,28
9547,46,95,21,10,28
9548,47,95,15,8,26
9549,48,95,13,7,26
9550,49,95,10,6,25
9551,50,95,10,7,27
9552,51,95,8,5,26
9553,52,95,7,6,24
9554,53,95,8,7,25
9555,54,95,7,5,25
9556,55,95,9,7,27
9557,56,95,8,7,26
9558,57,95,7,5,26
9559,58,95,8,5,25
9560,59,95,10,6,23
9561,60,95,13,6,24
9562,61,95,14,7,25
9563,62,95,12,7,24
9564,63,95,8,6,24
9565,64,95,6,5,23
9566,65,95,7,6,24
9567,66,95,7,6,23
9568,67,95,7,6,24
9569,68,95,6,5,23
9570,69,95,9,8,25
9571,70,95,7,5,23
9572,71,95,8,5,23
9573,72,95,7,5,23
9574,73,95,7,4,23
9575,74,95,9,6,24
9576,75,95,8,5,21
9577,76,95,8,6,21
9578,77,95,9,6,24
9579,78,95,7,4,21
9580,79,95,7,4,21
9581,80,95,7,4,21
9582,81,95,7,4,21
9583,82,95,7,4,21
9584,83,95,9,6,23
9585,84,95,11,7,24
9586,85,95,8,6,22
9587,86,95,14,9,25
9588,87,95,26,12,26
9589,88,95,28,13,26
9590,89,95,18,12,26
9591,90,95,20,12,27
9592,91,95,19,9,26
9593,92,95,17,9,25
9594,93,95,23,11,27
9595,94,95,24,13,29
9596,95,95,20,11,30
9597,96,95,20,12,31
9598,97,95,31,15,33
9599,98,95,42,20,37
9600,99,95,33,17,35
9601,0,96,30,18,43
9602,1,96,25,12,37
9603,2,96,24,14,38
9604,3,96,17,11,35
9605,4,96,15,8,32
9606,5,96,19,8,34
9607,6,96,19,9,34
9608,7,96,18,11,33
9609,8,96,19,12,36
9610,9,96,18,9,35
9611,10,96,21,10,33
9612,11,96,26,12,35
9613,12,96,22,13,35
9614,13,96,19,12,34
9615,14,96,19,12,34
9616,15,96,18,10,33
9617,16,96,18,9,32
9618,17,96,23,11,32
9619,18,96,30,11,31
9620,19,96,35,15,31
9621,20,96,36,16,31
9622,21,96,35,15,30
9623,22,96,34,12,30
9624,23,96,30,10,29
9625,24,96,28,10,29
9626,25,96,26,11,30
9627,26,96,23,10,30
9628,27,96,21,8,30
9629,28,96,22,8,32
9630,29,96,17,7,30
9631,30,96,13,6,28
9632,31,96,22,9,29
9633,32,96,24,9,28
9634,33,96,27,9,29
9635,34,96,31,11,29
9636,35,96,29,10,29
9637,36,96,26,9,28
9638,37,96,29,9,27
9639,38,96,43,14,29
9640,39,96,42,13,30
9641,40,96,25,7,27
9642,41,96,26,8,27
9643,42,96,16,6,25
9644,43,96,13,5,26
9645,44,96,15,7,27
9646,45,96,20,8,27
9647,46,96,23,9,28
9648,47,96,20,8,27
9649,48,96,13,6,26
9650,49,96,11,6,26
9651,50,96,11,7,27
9652,51,96,8,5,25
9653,52,96,5,3,23
9654,53,96,6,6,25
9655,54,96,4,4,25
9656,55,96,5,4,24
9657,56,96,6,5,25
9658,57,96,7,6,28
9659,58,96,6,5,23
9660,59,96,9,6,23
9661,60,96,11,6,25
9662,61,96,14,6,24
9663,62,96,12,7,24
9664,63,96,6,5,22
9665,64,96,6,5,21
9666,65,96,7,6,23
9667,66,96,5,4,22
9668,67,96,5,3,23
9669,68,96,5,4,23
9670,69,96,7,6,24
9671,70,96,8,6,24
9672,71,96,7,4,23
9673,72,96,7,4,22
9674,73,96,7,4,21
9675,74,96,7,5,22
9676,75,96,8,6,22
9677,76,96,9,6,21
9678,77,96,8,5,23
9679,78,96,7,4,22
9680,79,96,6,3,20
9681,80,96,7,5,20
9682,81,96,6,4,20
9683,82,96,5,3,19
9684,83,96,7,5,22
9685,84,96,7,4,20
9686,85,96,9,5,22
9687,86,96,14,8,23
9688,87,96,20,10,24
9689,88,96,21,11,25
9690,89,96,16,8,22
9691,90,96,25,12,26
9692,91,96,25,11,25
9693,92,96,17,10,26
9694,93,96,25,14,30
9695,94,96,24,11,27
9696,95,96,18,7,26
9697,96,96,22,10,29
9698,97,96,33,16,32
9699,98,96,40,20,35
9700,99,96,31,16,36
9701,0,97,26,12,38
9702,1,97,23,9,35
9703,2,97,22,11,36
9704,3,97,19,10,35
9705,4,97,17,9,33
9706,5,97,18,8,34
9707,6,97,17,7,32
9708,7,97,19,9,32
9709,8,97,19,9,33
9710,9,97,19,10,35
9711,10,97,19,10,34
9712,11,97,19,9,34
9713,12,97,16,8,32
9714,13,97,18,10,33
9715,14,97,18,9,33
9716,15,97,20,9,32
9717,16,97,24,10,32
9718,17,97,31,15,33
9719,18,97,34,15,32
9720,19,97,36,16,33
9721,20,97,33,15,30
9722,21,97,34,15,32
9723,22,97,37,16,33
9724,23,97,34,13,31
9725,24,97,32,12,30
9726,25,97,30,12,31
9727,26,97,28,11,31
9728,27,97,26,11,32
9729,28,97,22,9,32
9730,29,97,21,10,32
9731,30,97,15,6,29
9732,31,97,18,6,28
9733,32,97,23,8,29
9734,33,97,28,10,29
9735,34,97,29,9,29
9736,35,97,32,10,28
9737,36,97,36,12,28
9738,37,97,35,10,28
9739,38,97,41,13,29
9740,39,97,45,12,29
9741,40,97,25,6,28
9742,41,97,24,8,28
9743,42,97,18,7,26
9744,43,97,23,8,28
9745,44,97,25,8,28
9746,45,97,21,7,27
9747,46,97,21,7,27
9748,47,97,16,7,27
9749,48,97,15,8,28
9750,49,97,15,9,29
9751,50,97,14,8,29
9752,51,97,12,5,27
9753,52,97,6,3,24
9754,53,97,9,5,26
9755,54,97,13,7,26
9756,55,97,13,6,25
9757,56,97,10,7,25
9758,57,97,8,7,27
9759,58,97,5,5,25
9760,59,97,11,6,23
9761,60,97,16,7,24
9762,61,97,21,7,25
9763,62,97,20,9,25
9764,63,97,8,5,23
9765,64,97,5,4,21
9766,65,97,5,4,23
9767,66,97,4,3,22
9768,67,97,5,3,24
9769,68,97,5,3,24
9770,69,97,6,4,24
9771,70,97,6,4,23
9772,71,97,5,3,23
9773,72,97,5,3,22
9774,73,97,7,5,22
9775,74,97,7,5,21
9776,75,97,13,6,21
9777,76,97,14,6,22
9778,77,97,7,5,23
9779,78,97,7,4,21
9780,79,97,6,4,21
9781,80,97,5,4,22
9782,81,97,5,5,22
9783,82,97,7,5,22
9784,83,97,6,4,21
9785,84,97,7,5,23
9786,85,97,8,5,23
9787,86,97,17,7,23
9788,87,97,20,8,23
9789,88,97,20,8,24
9790,89,97,18,7,21
9791,90,97,28,10,22
9792,91,97,32,12,25
9793,92,97,18,8,26
9794,93,97,19,8,25
9795,94,97,20,9,26
9796,95,97,19,7,27
9797,96,97,22,9,29
9798,97,97,28,11,31
9799,98,97,32,15,36
9800,99,97,27,15,39
9801,0,98,28,16,41
9802,1,98,19,8,34
9803,2,98,20,8,35
9804,3,98,21,9,35
9805,4,98,22,11,36
9806,5,98,22,10,35
9807,6,98,20,7,33
9808,7,98,19,9,33
9809,8,98,16,9,33
9810,9,98,17,9,34
9811,10,98,19,11,35
9812,11,98,14,6,31
9813,12,98,17,9,31
9814,13,98,19,9,32
9815,14,98,18,9,33
9816,15,98,22,10,33
9817,16,98,28,13,34
9818,17,98,33,16,35
9819,18,98,34,15,35
9820,19,98,34,16,35
9821,20,98,34,15,34
9822,21,98,32,15,32
9823,22,98,30,14,35
9824,23,98,22,9,31
9825,24,98,23,11,33
9826,25,98,20,10,33
9827,26,98,19,9,32
9828,27,98,19,8,32
9829,28,98,21,10,33
9830,29,98,22,10,32
9831,30,98,20,9,30
9832,31,98,21,8,30
9833,32,98,27,10,30
9834,33,98,31,11,30
9835,34,98,31,10,30
9836,35,98,33,11,30
9837,36,98,31,11,29
9838,37,98,33,10,28
9839,38,98,45,14,30
9840,39,98,42,10,30
9841,40,98,29,8,29
9842,41,98,21,9,29
9843,42,98,17,9,31
9844,43,98,19,9,30
9845,44,98,19,7,28
9846,45,98,17,6,28
9847,46,98,16,7,29
9848,47,98,14,7,29
9849,48,98,13,8,29
9850,49,98,11,7,29
9851,50,98,12,6,29
9852,51,98,14,7,30
9853,52,98,8,5,26
9854,53,98,10,6,27
9855,54,98,15,8,28
9856,55,98,17,9,28
9857,56,98,16,10,30
9858,57,98,11,9,28
9859,58,98,11,7,25
9860,59,98,24,9,27
9861,60,98,26,9,26
9862,61,98,23,9,26
9863,62,98,23,9,25
9864,63,98,12,6,24
9865,64,98,7,7,25
9866,65,98,8,7,26
9867,66,98,9,7,27
9868,67,98,9,7,27
9869,68,98,7,5,26
9870,69,98,6,4,25
9871,70,98,6,4,26
9872,71,98,5,4,25
9873,72,98,6,4,24
9874,73,98,7,5,23
9875,74,98,9,6,23
9876,75,98,18,5,23
9877,76,98,20,8,25
9878,77,98,11,7,23
9879,78,98,9,5,23
9880,79,98,8,6,24
9881,80,98,5,4,22
9882,81,98,7,6,24
9883,82,98,6,4,23
9884,83,98,7,5,24
9885,84,98,8,5,26
9886,85,98,9,6,26
9887,86,98,11,5,21
9888,87,98,14,6,20
9889,88,98,20,9,24
9890,89,98,18,9,23
9891,90,98,23,7,23
9892,91,98,25,11,27
9893,92,98,15,8,26
9894,93,98,14,5,25
9895,94,98,15,6,26
9896,95,98,21,8,29
9897,96,98,22,10,31
9898,97,98,20,10,32
9899,98,98,23,12,35
9900,99,98,26,18,41
9901,0,99,44,37,60
9902,1,99,18,13,40
9903,2,99,15,11,39
9904,3,99,19,13,40
9905,4,99,21,14,41
9906,5,99,23,11,38
9907,6,99,18,9,36
9908,7,99,17,11,37
9909,8,99,17,12,38
9910,9,99,19,12,36
9911,10,99,20,12,36
9912,11,99,24,14,38
9913,12,99,23,13,37
9914,13,99,21,11,36
9915,14,99,25,16,40
9916,15,99,20,13,38
9917,16,99,24,15,40
9918,17,99,22,12,36
9919,18,99,25,13,36
9920,19,99,27,15,37
9921,20,99,24,13,37
9922,21,99,23,12,38
9923,22,99,24,16,40
9924,23,99,36,27,48
9925,24,99,26,17,41
9926,25,99,23,15,39
9927,26,99,22,14,38
9928,27,99,20,13,37
9929,28,99,20,12,36
9930,29,99,23,12,37
9931,30,99,24,13,37
9932,31,99,24,11,35
9933,32,99,25,10,32
9934,33,99,27,10,33
9935,34,99,28,12,34
9936,35,99,30,16,36
9937,36,99,29,14,35
9938,37,99,36,14,36
9939,38,99,42,17,37
9940,39,99,44,16,38
9941,40,99,37,15,36
9942,41,99,37,18,37
9943,42,99,30,14,34
9944,43,99,25,12,33
9945,44,99,26,14,35
9946,45,99,26,12,35
9947,46,99,24,12,35
9948,47,99,22,12,35
9949,48,99,20,12,33
9950,49,99,17,11,33
9951,50,99,18,10,34
9952,51,99,17,9,33
9953,52,99,16,10,33
9954,53,99,15,10,32
9955,54,99,13,9,32
9956,55,99,21,13,34
9957,56,99,19,13,32
9958,57,99,14,11,33
9959,58,99,16,10,31
9960,59,99,23,11,30
9961,60,99,21,10,29
9962,61,99,19,11,31
9963,62,99,15,8,30
9964,63,99,14,9,30
9965,64,99,18,14,34
9966,65,99,22,17,36
9967,66,99,15,13,34
9968,67,99,11,9,31
9969,68,99,9,8,29
9970,69,99,8,6,28
9971,70,99,8,6,29
9972,71,99,11,9,31
9973,72,99,9,7,29
9974,73,99,11,9,30
9975,74,99,13,10,30
9976,75,99,12,6,26
9977,76,99,14,8,28
9978,77,99,10,6,27
9979,78,99,7,5,27
9980,79,99,9,7,29
9981,80,99,6,4,26
9982,81,99,8,6,28
9983,82,99,6,5,27
9984,83,99,8,7,27
9985,84,99,8,6,27
9986,85,99,7,6,25
9987,86,99,7,5,24
9988,87,99,8,5,24
9989,88,99,12,7,24
9990,89,99,12,7,26
9991,90,99,12,6,25
9992,91,99,12,7,26
9993,92,99,12,8,29
9994,93,99,13,8,29
9995,94,99,15,8,29
9996,95,99,20,12,35
9997,96,99,20,13,37
9998,97,99,17,12,34
9999,98,99,13,11,35
10000,99,99,43,38,57
